deletion_type,theta_del,w_budget,mean_rho,std_rho,mean_fdel,std_fdel,mean_deleted,theta_label
random,-1.000000,0.000000,0.496860,0.000746,0.000000,0.000000,0.000000,random
random,-1.000000,0.050000,0.486024,0.000799,0.050000,0.000000,150.000000,random
random,-1.000000,0.100000,0.474498,0.000829,0.100000,0.000000,300.000000,random
random,-1.000000,0.150000,0.462153,0.000862,0.150000,0.000000,450.000000,random
random,-1.000000,0.200000,0.448853,0.000834,0.200000,0.000000,600.000000,random
random,-1.000000,0.250000,0.434510,0.000841,0.250000,0.000000,750.000000,random
random,-1.000000,0.300000,0.418936,0.000946,0.300000,0.000000,900.000000,random
random,-1.000000,0.350000,0.401877,0.000927,0.350000,0.000000,1050.000000,random
random,-1.000000,0.400000,0.382985,0.000975,0.400000,0.000000,1200.000000,random
random,-1.000000,0.450000,0.362055,0.001118,0.450000,0.000000,1350.000000,random
random,-1.000000,0.460000,0.357539,0.001111,0.460000,0.000000,1380.000000,random
random,-1.000000,0.470000,0.352935,0.001114,0.470000,0.000000,1410.000000,random
random,-1.000000,0.480000,0.348167,0.001043,0.480000,0.000000,1440.000000,random
random,-1.000000,0.490000,0.343227,0.001077,0.490000,0.000000,1470.000000,random
random,-1.000000,0.500000,0.338238,0.001093,0.500000,0.000000,1500.000000,random
random,-1.000000,0.510000,0.333042,0.001162,0.510000,0.000000,1530.000000,random
random,-1.000000,0.520000,0.327739,0.001141,0.520000,0.000000,1560.000000,random
random,-1.000000,0.530000,0.322371,0.001109,0.530000,0.000000,1590.000000,random
random,-1.000000,0.540000,0.316778,0.001095,0.540000,0.000000,1620.000000,random
random,-1.000000,0.550000,0.310975,0.001134,0.550000,0.000000,1650.000000,random
random,-1.000000,0.560000,0.304987,0.001152,0.560000,0.000000,1680.000000,random
random,-1.000000,0.570000,0.298835,0.001323,0.570000,0.000000,1710.000000,random
random,-1.000000,0.580000,0.292377,0.001389,0.580000,0.000000,1740.000000,random
random,-1.000000,0.590000,0.285769,0.001379,0.590000,0.000000,1770.000000,random
random,-1.000000,0.600000,0.278790,0.001390,0.600000,0.000000,1800.000000,random
random,-1.000000,0.610000,0.221664,0.105920,0.610000,0.000000,1830.000000,random
random,-1.000000,0.620000,0.114552,0.131497,0.620000,0.000000,1860.000000,random
random,-1.000000,0.630000,0.020987,0.070232,0.630000,0.000000,1890.000000,random
random,-1.000000,0.640000,0.004133,0.032016,0.640000,0.000000,1920.000000,random
random,-1.000000,0.650000,0.000000,0.000000,0.650000,0.000000,1950.000000,random
random,-1.000000,0.700000,0.000000,0.000000,0.700000,0.000000,2100.000000,random
random,-1.000000,0.750000,0.000000,0.000000,0.750000,0.000000,2250.000000,random
random,-1.000000,0.800000,0.000000,0.000000,0.800000,0.000000,2400.000000,random
random,-1.000000,0.850000,0.000000,0.000000,0.850000,0.000000,2550.000000,random
random,-1.000000,0.900000,0.000000,0.000000,0.900000,0.000000,2700.000000,random
random,-1.000000,0.950000,0.000000,0.000000,0.950000,0.000000,2850.000000,random
threshold,0.200000,0.000000,0.496860,0.000746,0.000000,0.000000,0.000000,0.20
threshold,0.200000,0.050000,0.487958,0.000584,0.050000,0.000000,150.000000,0.20
threshold,0.200000,0.100000,0.476883,0.000615,0.100000,0.000000,300.000000,0.20
threshold,0.200000,0.150000,0.465189,0.000629,0.150000,0.000000,450.000000,0.20
threshold,0.200000,0.200000,0.452741,0.000638,0.200000,0.000000,600.000000,0.20
threshold,0.200000,0.250000,0.439338,0.000671,0.250000,0.000000,750.000000,0.20
threshold,0.200000,0.300000,0.424842,0.000700,0.300000,0.000000,900.000000,0.20
threshold,0.200000,0.350000,0.408923,0.000710,0.350000,0.000000,1050.000000,0.20
threshold,0.200000,0.400000,0.391169,0.000818,0.400000,0.000000,1200.000000,0.20
threshold,0.200000,0.450000,0.370873,0.000765,0.450000,0.000000,1350.000000,0.20
threshold,0.200000,0.460000,0.366440,0.000757,0.460000,0.000000,1380.000000,0.20
threshold,0.200000,0.470000,0.361803,0.000739,0.470000,0.000000,1410.000000,0.20
threshold,0.200000,0.480000,0.351034,0.046092,0.480000,0.000000,1440.000000,0.20
threshold,0.200000,0.490000,0.222737,0.170908,0.490000,0.000000,1470.000000,0.20
threshold,0.200000,0.500000,0.005764,0.044645,0.500000,0.000000,1500.000000,0.20
threshold,0.200000,0.510000,0.000000,0.000000,0.510000,0.000000,1530.000000,0.20
threshold,0.200000,0.520000,0.000000,0.000000,0.520000,0.000000,1560.000000,0.20
threshold,0.200000,0.530000,0.000000,0.000000,0.530000,0.000000,1590.000000,0.20
threshold,0.200000,0.540000,0.000000,0.000000,0.540000,0.000000,1620.000000,0.20
threshold,0.200000,0.550000,0.000000,0.000000,0.550000,0.000000,1650.000000,0.20
threshold,0.200000,0.560000,0.000000,0.000000,0.560000,0.000000,1680.000000,0.20
threshold,0.200000,0.570000,0.000000,0.000000,0.570000,0.000000,1710.000000,0.20
threshold,0.200000,0.580000,0.000000,0.000000,0.580000,0.000000,1740.000000,0.20
threshold,0.200000,0.590000,0.000000,0.000000,0.590000,0.000000,1770.000000,0.20
threshold,0.200000,0.600000,0.000000,0.000000,0.600000,0.000000,1800.000000,0.20
threshold,0.200000,0.610000,0.000000,0.000000,0.610000,0.000000,1830.000000,0.20
threshold,0.200000,0.620000,0.000000,0.000000,0.620000,0.000000,1860.000000,0.20
threshold,0.200000,0.630000,0.000000,0.000000,0.630000,0.000000,1890.000000,0.20
threshold,0.200000,0.640000,0.000000,0.000000,0.640000,0.000000,1920.000000,0.20
threshold,0.200000,0.650000,0.000000,0.000000,0.650000,0.000000,1950.000000,0.20
threshold,0.200000,0.700000,0.000000,0.000000,0.700000,0.000000,2100.000000,0.20
threshold,0.200000,0.750000,0.000000,0.000000,0.750000,0.000000,2250.000000,0.20
threshold,0.200000,0.800000,0.000000,0.000000,0.800000,0.000000,2400.000000,0.20
threshold,0.200000,0.850000,0.000000,0.000000,0.850000,0.000000,2550.000000,0.20
threshold,0.200000,0.900000,0.000000,0.000000,0.900000,0.000000,2700.000000,0.20
threshold,0.200000,0.950000,0.000000,0.000000,0.950000,0.000000,2850.000000,0.20
threshold,0.400000,0.000000,0.496860,0.000746,0.000000,0.000000,0.000000,0.40
threshold,0.400000,0.050000,0.487579,0.000756,0.050000,0.000000,150.000000,0.40
threshold,0.400000,0.100000,0.477772,0.000770,0.100000,0.000000,300.000000,0.40
threshold,0.400000,0.150000,0.467346,0.000779,0.150000,0.000000,450.000000,0.40
threshold,0.400000,0.200000,0.456028,0.000742,0.200000,0.000000,600.000000,0.40
threshold,0.400000,0.250000,0.443479,0.000639,0.250000,0.000000,750.000000,0.40
threshold,0.400000,0.300000,0.428562,0.000458,0.300000,0.000000,900.000000,0.40
threshold,0.400000,0.350000,0.410181,0.000623,0.350000,0.000000,1050.000000,0.40
threshold,0.400000,0.400000,0.389820,0.000846,0.400000,0.000000,1200.000000,0.40
threshold,0.400000,0.450000,0.367386,0.000958,0.450000,0.000000,1350.000000,0.40
threshold,0.400000,0.460000,0.362578,0.000974,0.460000,0.000000,1380.000000,0.40
threshold,0.400000,0.470000,0.357693,0.001004,0.470000,0.000000,1410.000000,0.40
threshold,0.400000,0.480000,0.352629,0.001051,0.480000,0.000000,1440.000000,0.40
threshold,0.400000,0.490000,0.347395,0.001036,0.490000,0.000000,1470.000000,0.40
threshold,0.400000,0.500000,0.342057,0.001074,0.500000,0.000000,1500.000000,0.40
threshold,0.400000,0.510000,0.336582,0.001071,0.510000,0.000000,1530.000000,0.40
threshold,0.400000,0.520000,0.319883,0.059912,0.520000,0.000000,1560.000000,0.40
threshold,0.400000,0.530000,0.189183,0.161241,0.530000,0.000000,1590.000000,0.40
threshold,0.400000,0.540000,0.042326,0.108821,0.540000,0.000000,1620.000000,0.40
threshold,0.400000,0.550000,0.000000,0.000000,0.550000,0.000000,1650.000000,0.40
threshold,0.400000,0.560000,0.000000,0.000000,0.560000,0.000000,1680.000000,0.40
threshold,0.400000,0.570000,0.000000,0.000000,0.570000,0.000000,1710.000000,0.40
threshold,0.400000,0.580000,0.000000,0.000000,0.580000,0.000000,1740.000000,0.40
threshold,0.400000,0.590000,0.000000,0.000000,0.590000,0.000000,1770.000000,0.40
threshold,0.400000,0.600000,0.000000,0.000000,0.600000,0.000000,1800.000000,0.40
threshold,0.400000,0.610000,0.000000,0.000000,0.610000,0.000000,1830.000000,0.40
threshold,0.400000,0.620000,0.000000,0.000000,0.620000,0.000000,1860.000000,0.40
threshold,0.400000,0.630000,0.000000,0.000000,0.630000,0.000000,1890.000000,0.40
threshold,0.400000,0.640000,0.000000,0.000000,0.640000,0.000000,1920.000000,0.40
threshold,0.400000,0.650000,0.000000,0.000000,0.650000,0.000000,1950.000000,0.40
threshold,0.400000,0.700000,0.000000,0.000000,0.700000,0.000000,2100.000000,0.40
threshold,0.400000,0.750000,0.000000,0.000000,0.750000,0.000000,2250.000000,0.40
threshold,0.400000,0.800000,0.000000,0.000000,0.800000,0.000000,2400.000000,0.40
threshold,0.400000,0.850000,0.000000,0.000000,0.850000,0.000000,2550.000000,0.40
threshold,0.400000,0.900000,0.000000,0.000000,0.900000,0.000000,2700.000000,0.40
threshold,0.400000,0.950000,0.000000,0.000000,0.950000,0.000000,2850.000000,0.40
threshold,0.600000,0.000000,0.496860,0.000746,0.000000,0.000000,0.000000,0.60
threshold,0.600000,0.050000,0.488066,0.000758,0.050000,0.000000,150.000000,0.60
threshold,0.600000,0.100000,0.478746,0.000760,0.100000,0.000000,300.000000,0.60
threshold,0.600000,0.150000,0.468683,0.000716,0.150000,0.000000,450.000000,0.60
threshold,0.600000,0.200000,0.457201,0.000510,0.200000,0.000000,600.000000,0.60
threshold,0.600000,0.250000,0.441056,0.000955,0.250000,0.000000,750.000000,0.60
threshold,0.600000,0.300000,0.422624,0.001080,0.300000,0.000000,900.000000,0.60
threshold,0.600000,0.350000,0.402801,0.001310,0.350000,0.000000,1050.000000,0.60
threshold,0.600000,0.400000,0.381474,0.001363,0.400000,0.000000,1200.000000,0.60
threshold,0.600000,0.450000,0.358368,0.001408,0.450000,0.000000,1350.000000,0.60
threshold,0.600000,0.460000,0.353504,0.001451,0.460000,0.000000,1380.000000,0.60
threshold,0.600000,0.470000,0.348568,0.001454,0.470000,0.000000,1410.000000,0.60
threshold,0.600000,0.480000,0.343543,0.001476,0.480000,0.000000,1440.000000,0.60
threshold,0.600000,0.490000,0.338417,0.001520,0.490000,0.000000,1470.000000,0.60
threshold,0.600000,0.500000,0.333200,0.001548,0.500000,0.000000,1500.000000,0.60
threshold,0.600000,0.510000,0.327899,0.001571,0.510000,0.000000,1530.000000,0.60
threshold,0.600000,0.520000,0.322405,0.001631,0.520000,0.000000,1560.000000,0.60
threshold,0.600000,0.530000,0.316829,0.001634,0.530000,0.000000,1590.000000,0.60
threshold,0.600000,0.540000,0.311204,0.001584,0.540000,0.000000,1620.000000,0.60
threshold,0.600000,0.550000,0.305388,0.001616,0.550000,0.000000,1650.000000,0.60
threshold,0.600000,0.560000,0.299408,0.001540,0.560000,0.000000,1680.000000,0.60
threshold,0.600000,0.570000,0.293251,0.001501,0.570000,0.000000,1710.000000,0.60
threshold,0.600000,0.580000,0.210195,0.127827,0.580000,0.000000,1740.000000,0.60
threshold,0.600000,0.590000,0.074510,0.124606,0.590000,0.000000,1770.000000,0.60
threshold,0.600000,0.600000,0.018152,0.068491,0.600000,0.000000,1800.000000,0.60
threshold,0.600000,0.610000,0.000000,0.000000,0.610000,0.000000,1830.000000,0.60
threshold,0.600000,0.620000,0.000000,0.000000,0.620000,0.000000,1860.000000,0.60
threshold,0.600000,0.630000,0.000000,0.000000,0.630000,0.000000,1890.000000,0.60
threshold,0.600000,0.640000,0.000000,0.000000,0.640000,0.000000,1920.000000,0.60
threshold,0.600000,0.650000,0.000000,0.000000,0.650000,0.000000,1950.000000,0.60
threshold,0.600000,0.700000,0.000000,0.000000,0.700000,0.000000,2100.000000,0.60
threshold,0.600000,0.750000,0.000000,0.000000,0.750000,0.000000,2250.000000,0.60
threshold,0.600000,0.800000,0.000000,0.000000,0.800000,0.000000,2400.000000,0.60
threshold,0.600000,0.850000,0.000000,0.000000,0.850000,0.000000,2550.000000,0.60
threshold,0.600000,0.900000,0.000000,0.000000,0.900000,0.000000,2700.000000,0.60
threshold,0.600000,0.950000,0.000000,0.000000,0.950000,0.000000,2850.000000,0.60
