beta,mean_fw,mean_bw,diff
0.01,3.245307148613097e-08,1.8151324274224527e-63,3.245307148613097e-08
0.02475,3.245486609176425e-08,3.869843788686089e-64,3.245486609176425e-08
0.0395,3.2456661145017995e-08,7.374246933023934e-65,3.2456661145017995e-08
0.05425,3.2458456195396384e-08,1.345249942212954e-65,3.2458456195396384e-08
0.06899999999999999,3.24602514716736e-08,2.376433872840449e-66,3.24602514716736e-08
0.08374999999999999,3.246204659344246e-08,4.430478801522588e-67,3.246204659344246e-08
0.09849999999999999,3.2463842269659266e-08,9.910030461294942e-68,3.2463842269659266e-08
0.11324999999999999,3.246563837144329e-08,2.6669739955727797e-68,3.246563837144329e-08
0.128,3.246743419764253e-08,1.0109460422472527e-68,3.246743419764253e-08
0.14275,3.2469230173929936e-08,4.5113640525515565e-69,3.2469230173929936e-08
0.1575,3.247102693559027e-08,2.7686974002926874e-69,3.247102693559027e-08
0.17225000000000001,3.247282358651125e-08,1.8823279031719814e-69,3.247282358651125e-08
0.187,3.2474620493471346e-08,1.460353958702365e-69,3.2474620493471346e-08
0.20174999999999998,3.247641717283783e-08,1.2014499729913652e-69,3.247641717283783e-08
0.2165,3.2478214256367985e-08,1.0614105865460434e-69,3.2478214256367985e-08
0.23125,3.2480011127193826e-08,1.0288749399894488e-69,3.2480011127193826e-08
0.246,3.248181005645943e-08,8.994467252522086e-70,3.248181005645943e-08
0.26075,3.2483607285201564e-08,9.232395940661197e-70,3.2483607285201564e-08
0.27549999999999997,3.2485405241403215e-08,9.052213358306325e-70,3.2485405241403215e-08
0.29025,3.2487203768221144e-08,8.862927819384498e-70,3.2487203768221144e-08
0.305,3.248900235827568e-08,9.008329342999322e-70,3.248900235827568e-08
0.31975,3.24908008539966e-08,9.758572094236606e-70,3.24908008539966e-08
0.3345,3.249259992637101e-08,9.83844986376766e-70,3.249259992637101e-08
0.34925,3.249439892372869e-08,9.965279509879046e-70,3.249439892372869e-08
0.364,3.249619762704293e-08,1.0537256489070454e-69,3.249619762704293e-08
0.37875,3.2497998202748536e-08,1.194340486627585e-69,3.2497998202748536e-08
0.39349999999999996,3.249979730841749e-08,1.3759715140624135e-69,3.249979730841749e-08
0.40825,3.25015971829272e-08,1.3663650537430548e-69,3.25015971829272e-08
0.423,3.250339743818871e-08,1.556391094771705e-69,3.250339743818871e-08
0.43775,3.2505198396313775e-08,1.9313166249284786e-69,3.2505198396313775e-08
0.4525,3.250699884655957e-08,2.295468468040765e-69,3.250699884655957e-08
0.46725,3.250879938544085e-08,2.730818117134369e-69,3.250879938544085e-08
0.482,3.251060002875823e-08,3.6540406203205645e-69,3.251060002875823e-08
0.49674999999999997,3.25124013209824e-08,5.463946414180195e-69,3.25124013209824e-08
0.5115,3.251420319275625e-08,9.613514783346805e-69,3.251420319275625e-08
0.52625,3.251600441491122e-08,6.403837243184407e-68,3.251600441491122e-08
0.5409999999999999,3.251780654491792e-08,0.39508974773179273,0.39508971521398617
0.55575,3.251960795636916e-08,0.4003525242320985,0.40035249171249054
0.5705,3.252141028823569e-08,0.4054435075040311,0.4054434749826208
0.5852499999999999,3.252321301362236e-08,0.4103742258126244,0.4103741932894114
0.6,3.2525015419540464e-08,0.4151548252349433,0.4151547927099279
