7,742,918
12,537,539
29,237,547
120,918,985
290,640,739
385,490,839
633,897,954
75,841,919
691,851,934
169,494,919
523,566,693
233,731,827
494,495,939
181,487,718
88,386,676
106,317,640
259,911,958
369,439,842
100,212,743
371,834,876
379,553,876
332,548,720
285,482,485
831,854,981
109,327,687
262,465,700
148,210,401
489,569,752
29,213,697
537,727,864
235,407,592
706,768,978
232,856,952
528,567,953
286,436,700
83,398,524
246,649,835
39,199,320
242,295,847
510,516,663
451,524,575
396,435,609
117,220,966
82,256,822
44,289,853
436,749,750
386,506,742
224,593,945
184,221,341
65,563,567
152,163,881
63,223,383
99,208,264
555,743,910
746,779,978
126,446,632
71,502,756
750,792,938
243,573,977
84,430,803
608,617,913
115,434,886
200,201,320
3,158,371
5,267,635
444,791,886
503,597,963
142,351,755
2,23,214
233,498,672
531,543,691
955,969,985
168,535,918
268,825,879
209,661,909
179,703,718
210,660,893
12,48,355
80,233,422
388,539,637
200,382,983
5,307,419
232,402,893
50,377,941
388,690,955
17,320,543
121,126,359
143,233,334
101,103,638
46,764,780
159,174,374
20,148,203
143,631,645
163,164,759
152,271,705
349,425,830
565,643,985
166,258,832
377,722,784
342,403,846
447,494,527
451,517,539
45,245,373
614,650,778
142,888,949
205,606,855
113,310,604
34,283,471
91,105,759
184,578,587
246,354,373
228,479,631
26,532,782
162,180,427
493,828,874
425,543,984
427,662,996
4,139,800
307,681,743
66,157,936
592,599,795
712,838,996
605,614,730
150,496,600
14,186,958
109,269,760
333,603,731
75,574,895
297,641,777
202,632,924
156,415,730
150,237,876
176,472,937
216,235,939
227,248,748
113,281,940
374,747,923
15,463,947
292,730,837
870,935,945
464,471,510
284,396,915
112,334,927
158,235,877
377,524,645
153,510,979
608,629,659
242,460,848
498,557,566
61,242,976
167,772,903
18,264,270
177,543,918
49,425,850
115,378,762
443,607,875
13,323,736
319,365,595
378,745,795
155,176,746
152,255,669
283,404,951
229,461,489
101,653,991
530,680,770
28,91,426
214,801,818
85,406,467
149,489,583
146,867,883
229,830,966
566,612,645
108,583,978
132,893,960
59,555,863
65,471,890
787,910,985
26,527,670
37,606,771
145,436,644
212,788,828
50,170,950
798,815,820
428,606,863
192,356,495
280,315,481
321,434,873
284,678,883
313,558,597
28,59,307
707,777,874
287,305,783
248,293,398
127,469,593
74,310,642
346,661,775
23,378,415
259,274,688
507,894,922
229,316,614
311,598,798
259,832,952
562,809,974
49,185,858
492,608,882
143,316,976
337,430,776
249,445,472
532,860,868
262,811,986
811,897,942
152,315,682
241,322,998
242,267,685
5,367,646
51,805,808
197,300,899
94,163,635
256,258,817
389,687,801
113,127,682
114,228,881
280,496,632
62,106,879
208,398,756
225,469,491
523,637,994
357,382,546
417,483,854
38,752,824
44,606,703
204,326,422
34,441,734
43,166,263
360,404,938
374,454,627
201,268,802
260,278,713
633,888,894
85,113,460
8,201,264
382,457,461
407,573,978
412,734,948
312,671,923
226,717,952
30,891,981
329,344,914
326,477,660
448,488,667
5,560,771
571,762,967
465,516,743
279,291,774
96,225,537
581,630,823
501,875,915
118,646,944
126,479,929
97,239,909
134,505,649
90,96,895
243,899,953
74,239,297
251,445,697
556,723,889
119,218,736
100,275,829
531,636,774
229,562,879
20,754,822
421,428,813
278,310,883
275,384,400
88,182,533
143,405,584
306,600,798
160,368,470
313,519,627
412,443,754
5,559,639
203,695,920
0,77,169
194,681,798
355,409,433
84,131,259
11,89,953
25,133,333
312,452,833
249,378,691
129,175,678
144,760,963
132,266,998
2,559,651
300,319,507
394,427,636
792,944,970
130,934,992
402,721,785
520,574,773
6,614,965
222,369,652
76,441,563
82,389,859
200,774,881
144,605,917
824,919,930
79,731,888
88,110,993
107,401,451
114,293,703
439,820,858
397,433,832
165,211,795
506,574,690
10,281,674
422,503,657
465,496,736
416,604,867
77,904,943
379,903,986
0,134,815
829,902,993
748,948,988
19,615,742
239,597,878
97,430,937
205,228,771
177,320,517
61,128,747
452,530,963
246,350,414
86,242,643
38,667,795
78,83,573
6,458,708
293,569,597
357,643,744
422,446,545
350,412,766
147,240,280
176,463,743
303,898,964
41,231,903
1,96,274
234,523,890
179,557,988
287,685,933
753,818,948
367,471,721
6,773,925
83,382,755
212,558,653
60,828,903
217,228,564
80,863,954
718,727,910
88,458,803
129,420,425
276,339,812
50,244,777
83,374,787
220,578,822
111,810,936
583,842,997
451,698,823
564,616,738
250,916,986
128,721,835
44,868,884
312,404,634
441,898,921
245,269,800
264,333,704
231,344,590
93,303,550
26,645,846
4,572,949
237,451,879
183,752,801
269,424,528
288,614,659
34,353,954
376,458,807
468,696,787
36,302,900
80,547,959
139,509,646
5,72,226
160,327,817
366,835,927
133,779,955
10,774,816
645,936,962
193,713,776
672,731,898
156,258,897
105,362,761
45,376,748
356,535,744
284,407,661
330,594,832
50,800,985
393,724,911
274,617,958
758,773,781
573,630,769
108,288,640
386,897,972
63,78,719
486,524,552
254,257,594
34,309,371
12,27,628
19,194,670
837,895,988
204,391,689
323,723,828
444,517,727
242,358,960
345,406,533
384,470,965
97,178,413
62,162,284
54,509,840
853,856,888
398,930,965
170,574,834
382,679,822
412,874,901
94,163,791
24,504,777
133,654,914
669,775,792
119,260,863
319,485,490
37,77,572
455,920,923
37,342,992
91,214,756
59,108,261
233,555,733
810,816,891
60,600,610
106,173,306
284,671,846
400,614,735
495,538,808
291,467,981
235,599,989
253,665,670
296,351,679
236,353,463
762,807,854
211,539,772
254,538,863
442,476,564
229,385,715
30,771,807
768,777,789
74,410,852
43,357,745
47,291,296
207,307,831
273,534,637
98,396,567
112,660,773
340,599,757
102,539,556
161,404,805
366,542,919
67,249,273
12,100,844
327,800,920
20,106,757
311,640,778
92,574,710
173,337,589
263,584,626
204,659,857
37,199,380
86,183,332
168,545,601
538,697,847
10,89,405
206,642,716
252,311,516
388,538,747
276,601,638
57,381,394
77,231,450
7,163,330
268,425,955
306,620,639
63,274,574
322,365,768
317,825,879
42,176,800
69,83,538
129,530,617
77,270,298
385,776,779
145,284,893
461,534,793
31,289,762
550,714,895
773,785,921
132,155,648
749,752,757
419,435,439
396,778,984
43,569,739
159,891,965
402,459,712
259,288,448
5,133,965
219,357,488
536,740,913
474,496,730
364,597,764
58,185,814
264,469,517
150,194,971
600,663,927
156,872,882
210,605,693
792,874,895
234,459,891
592,656,725
27,67,497
305,627,781
257,600,662
684,693,801
98,333,779
587,738,741
32,713,890
285,294,317
49,395,614
9,74,613
49,499,851
102,585,639
340,665,705
457,576,839
305,393,699
85,731,838
719,795,889
327,590,668
130,315,334
411,948,983
497,726,958
191,235,461
102,226,413
323,512,929
378,431,805
46,640,858
491,520,546
77,93,856
91,194,776
324,381,915
377,587,619
15,21,519
369,586,986
129,638,935
133,281,831
170,590,977
253,697,845
358,450,883
502,703,739
109,561,979
218,437,503
204,225,424
31,485,784
227,348,877
167,230,361
139,640,738
70,283,596
230,635,788
574,711,879
540,650,771
182,786,997
362,729,818
433,506,563
182,341,911
599,667,775
71,559,620
395,439,735
27,120,169
462,481,995
298,679,856
215,728,784
361,575,892
422,434,825
567,784,911
53,406,583
120,582,597
343,597,908
38,769,952
100,362,802
62,84,117
402,734,860
517,666,875
121,711,837
210,518,898
35,158,778
172,185,277
5,586,747
203,261,633
363,815,843
220,630,773
794,825,976
36,498,851
433,744,754
340,471,927
851,884,953
387,626,742
103,105,625
359,917,983
76,524,790
580,651,873
618,858,860
317,867,931
110,836,894
110,687,765
525,605,868
211,259,354
38,404,957
38,443,885
79,591,697
293,456,555
300,429,584
146,635,678
88,350,943
205,391,525
312,464,645
228,426,889
636,738,923
337,399,835
618,745,960
693,724,968
407,532,997
496,902,931
81,280,874
110,567,597
180,740,913
102,273,482
242,440,660
521,796,916
190,293,447
376,774,924
40,279,931
40,722,863
7,512,515
135,263,301
40,114,226
200,478,950
281,541,774
454,466,496
365,768,786
62,214,343
695,714,751
38,52,375
217,595,601
556,668,745
87,321,781
73,81,443
475,740,797
152,597,913
209,410,745
272,506,831
417,495,646
431,893,931
177,199,726
512,684,730
288,322,381
696,818,990
134,187,819
31,73,917
475,761,977
144,812,945
292,386,888
192,286,450
26,110,782
501,845,962
175,374,442
182,960,962
86,158,855
125,642,766
169,611,802
137,584,600
273,610,747
98,345,556
61,314,676
225,498,843
20,292,718
9,280,521
818,833,866
280,366,703
59,761,851
876,897,977
556,847,850
27,396,596
283,491,843
349,427,443
69,86,723
65,425,513
167,573,675
45,598,732
132,500,624
18,373,832
365,659,874
110,216,486
209,329,487
319,705,761
285,362,762
418,616,714
24,355,921
12,356,373
80,312,797
441,452,845
336,714,966
364,731,866
198,739,871
65,351,833
228,651,951
57,205,553
28,372,771
242,544,805
228,855,866
657,846,956
561,622,653
104,303,856
232,279,840
108,196,369
499,762,873
219,282,457
691,927,991
175,198,965
397,461,964
327,943,957
316,395,495
557,846,992
701,749,996
38,398,956
689,782,809
86,269,919
327,399,866
261,827,874
874,900,985
452,759,821
31,66,472
58,83,837
69,177,342
447,480,975
96,125,464
34,233,961
376,550,993
259,438,484
180,782,988
169,870,921
507,531,972
382,496,633
744,763,882
116,182,502
510,665,790
135,497,546
167,456,731
180,748,851
294,702,756
277,282,687
425,798,803
290,535,939
382,547,756
84,296,749
107,145,225
330,609,920
93,120,629
108,332,670
307,806,977
52,589,901
483,843,906
172,261,497
302,409,939
292,481,853
401,865,928
32,59,535
525,594,783
211,505,599
19,187,999
122,290,748
577,961,997
37,467,560
19,172,461
34,457,659
259,334,417
11,426,709
299,404,427
54,407,486
295,496,810
137,449,633
136,499,838
348,505,760
770,848,958
68,185,574
540,739,977
366,712,769
25,396,410
236,251,892
163,679,886
132,406,739
435,921,994
263,820,867
333,422,984
185,258,476
255,287,290
290,496,592
77,418,799
262,565,757
482,681,917
89,147,199
72,387,529
41,249,428
212,277,658
34,445,554
279,553,616
29,84,787
212,296,793
271,442,975
97,120,645
125,405,477
48,125,973
205,490,525
27,228,694
324,349,969
56,502,805
285,655,661
19,444,506
397,799,921
207,417,512
294,344,992
34,266,565
305,471,755
429,698,974
297,686,833
182,408,903
93,152,377
572,866,964
23,69,277
198,467,854
456,536,733
221,608,855
71,247,886
104,206,834
165,253,657
88,573,884
403,608,978
193,460,741
11,319,707
204,704,823
607,720,928
283,403,546
58,184,530
299,342,688
62,119,900
419,775,871
41,458,798
449,460,699
3,279,909
99,323,700
175,371,925
329,346,763
203,210,998
90,541,555
63,849,891
491,684,852
591,610,796
426,597,772
116,301,658
321,533,636
40,541,985
505,607,845
421,510,830
1,208,748
607,946,982
26,677,748
120,726,971
146,379,862
676,739,909
548,559,779
282,494,678
405,897,943
27,292,682
411,566,784
44,252,908
21,379,517
308,380,628
88,215,636
214,285,554
238,335,807
64,282,522
276,441,562
233,598,984
268,445,963
35,116,796
179,723,773
379,767,790
27,264,821
14,45,301
245,473,678
357,669,755
364,501,956
373,790,961
102,116,385
525,718,868
159,764,982
398,410,441
108,309,448
120,124,241
58,756,831
130,286,495
430,676,955
62,435,946
160,332,364
491,772,806
620,632,789
168,639,683
1,532,534
183,527,687
594,799,887
78,334,642
65,156,364
96,181,525
128,570,876
501,545,546
281,366,780
353,811,996
293,819,860
394,503,677
74,130,305
473,612,885
171,896,952
181,221,888
237,517,540
93,508,634
137,912,984
40,84,362
0,819,982
96,730,974
301,874,895
562,876,923
680,749,889
539,772,804
53,562,961
458,817,926
355,592,842
87,298,776
265,406,412
184,809,824
165,350,654
68,113,882
682,748,957
95,117,899
368,477,820
83,223,553
495,679,802
461,903,943
97,153,504
156,549,798
327,413,776
160,421,553
419,499,628
158,448,515
21,646,805
20,777,855
325,523,592
77,575,935
481,613,854
369,383,697
351,569,823
325,885,944
694,747,893
82,198,505
471,699,788
264,347,430
183,248,336
283,650,730
623,639,675
431,550,669
228,796,926
303,309,759
397,713,801
728,801,997
42,293,949
100,178,657
218,237,749
240,275,769
10,744,908
127,199,967
132,273,906
219,553,837
219,894,987
518,706,945
39,60,845
51,645,928
204,316,653
306,482,719
713,966,978
249,686,977
340,680,857
257,300,811
150,202,863
94,134,951
122,599,985
276,520,933
165,305,470
40,57,432
306,890,899
401,639,731
425,692,890
403,646,929
279,405,775
163,524,718
252,364,900
242,571,630
303,315,824
373,674,864
189,313,797
371,628,632
289,867,916
117,370,789
238,487,996
449,606,826
11,100,183
218,484,579
749,992,994
46,509,677
291,294,903
444,551,960
80,419,447
784,785,939
38,252,894
413,928,932
0,106,328
673,792,841
383,561,659
369,470,560
16,480,992
77,209,938
316,396,573
172,347,916
11,400,537
149,521,606
227,657,707
31,384,450
370,421,528
9,607,960
116,644,669
292,305,979
100,462,540
169,396,728
106,483,825
174,345,556
131,297,423
346,465,634
49,321,431
79,306,990
411,493,695
19,403,517
115,177,676
500,661,965
555,677,947
3,20,218
269,817,904
568,641,664
93,474,998
66,339,578
544,583,672
180,687,869
485,719,963
125,702,954
510,926,938
0,563,823
51,494,595
425,458,546
106,322,439
236,408,962
123,209,390
49,242,380
203,254,631
519,647,847
281,396,726
202,702,882
8,483,589
2,311,375
135,669,743
185,536,729
30,70,276
425,630,779
79,109,165
371,843,910
86,306,824
47,490,610
279,438,789
27,482,549
198,393,548
155,592,763
140,416,966
532,928,966
338,414,868
165,530,918
42,174,294
357,367,596
54,256,839
160,196,647
107,407,644
221,230,376
89,773,877
126,467,663
94,645,979
592,802,858
181,794,952
326,415,743
91,615,871
331,695,849
124,387,764
20,781,893
385,509,913
55,350,482
272,784,836
335,602,798
262,498,695
0,484,934
307,504,557
757,959,993
352,475,498
535,864,925
11,688,948
61,164,554
121,315,491
538,858,990
93,877,940
474,568,810
212,520,907
200,296,537
98,207,610
101,897,993
161,249,985
4,305,845
147,234,765
328,496,680
177,508,988
64,350,417
58,163,594
408,569,754
377,614,953
78,336,844
40,257,405
232,876,985
389,619,807
122,250,369
482,679,817
181,601,920
78,743,975
119,149,671
173,375,531
129,564,813
328,677,732
177,550,553
559,851,989
39,482,583
321,694,856
271,464,638
151,360,908
82,691,725
579,702,903
567,700,875
210,284,419
60,142,316
89,552,989
4,294,668
39,684,839
355,902,931
105,452,563
362,614,843
660,875,981
37,152,340
224,577,773
4,459,484
171,255,801
93,250,773
477,490,733
165,213,962
482,781,819
162,190,713
308,883,934
402,792,916
174,206,267
598,803,851
139,164,469
90,157,786
214,460,506
3,535,948
275,557,905
152,379,429
394,438,699
18,254,480
736,759,881
696,708,741
40,228,601
87,204,650
145,527,929
68,568,633
119,683,832
379,495,732
287,419,787
163,693,962
176,470,877
380,500,672
257,533,788
158,541,668
724,951,961
24,435,756
480,507,714
545,805,865
399,514,724
416,568,728
11,257,682
334,813,908
566,875,991
27,530,644
238,505,815
42,551,968
30,363,589
182,398,417
227,683,926
202,375,843
472,659,745
531,646,983
263,720,935
60,802,823
297,385,926
396,790,985
26,757,839
113,211,542
828,858,922
121,371,729
107,856,912
66,279,608
44,325,959
223,329,586
455,561,816
62,741,963
636,652,948
118,225,390
141,354,533
40,306,897
167,615,738
387,494,632
187,911,973
536,567,760
2,352,946
235,740,939
416,830,983
130,464,977
309,815,977
440,517,959
405,702,820
198,458,466
138,553,695
213,534,633
507,774,842
229,259,474
197,503,821
52,556,594
139,267,955
349,416,543
61,253,371
727,827,859
251,364,898
508,679,807
20,461,955
601,690,949
30,202,782
89,211,401
191,237,388
628,640,914
67,671,911
298,655,957
64,599,781
44,565,638
356,664,960
113,282,978
241,255,548
38,761,881
79,458,986
105,120,926
152,194,526
761,843,971
121,150,957
595,775,807
24,200,573
477,519,730
10,118,559
160,608,734
527,575,997
23,205,984
280,667,764
358,576,737
881,893,950
223,353,946
111,328,929
701,840,848
116,152,460
36,38,650
195,649,688
235,725,921
836,901,990
616,696,962
245,695,825
30,652,707
105,568,806
159,566,951
665,881,916
21,364,628
208,374,882
519,785,950
237,564,938
110,315,826
70,295,846
517,969,975
499,640,796
517,939,952
220,384,886
125,271,468
105,720,795
524,862,899
119,405,799
132,230,401
134,927,996
15,259,834
303,465,472
272,311,772
247,355,619
232,585,607
46,337,562
253,579,738
94,356,516
276,460,600
107,337,389
16,87,724
206,355,825
369,615,790
197,882,941
37,480,717
113,839,984
125,385,732
312,437,574
489,843,857
304,775,988
715,740,851
262,454,907
171,276,797
118,745,884
281,525,707
552,593,719
3,151,365
155,753,947
617,729,809
408,433,761
63,443,482
185,418,752
351,367,866
254,400,918
458,624,844
39,307,478
338,818,852
714,792,846
681,714,883
641,894,996
324,341,946
356,730,826
637,826,956
6,321,777
244,337,599
233,620,788
143,371,939
341,396,486
120,249,543
419,441,585
32,655,858
547,700,778
397,454,876
7,116,446
315,369,654
431,817,944
172,590,597
114,591,731
246,767,832
41,397,907
328,887,917
43,100,861
455,490,837
309,565,870
420,706,950
155,834,983
299,506,893
126,255,512
320,566,969
324,418,896
280,310,397
430,666,901
2,575,691
516,645,723
17,592,809
122,218,396
531,619,879
312,658,746
166,182,968
473,811,821
118,158,767
48,163,804
231,492,684
281,337,744
608,630,644
374,813,893
141,195,647
167,184,982
192,365,466
84,412,695
42,787,992
585,903,950
272,282,787
737,789,983
118,541,769
146,161,885
105,843,980
506,799,868
8,199,933
15,316,629
219,670,744
645,652,905
476,848,970
283,413,940
175,290,930
109,195,934
31,647,773
554,877,981
59,247,731
341,479,981
186,333,971
217,893,938
235,368,981
177,277,908
185,821,942
35,609,916
365,367,718
488,529,920
109,269,855
451,520,657
762,763,788
237,272,484
484,581,882
90,176,550
352,864,899
817,841,867
1,315,931
345,404,720
296,506,864
207,308,651
127,594,608
82,479,659
146,392,623
664,682,916
76,882,965
3,740,843
247,271,572
9,622,785
324,577,707
329,383,894
60,148,710
3,788,855
176,752,834
268,371,984
182,734,782
243,519,685
84,567,945
96,905,928
32,365,753
182,199,474
23,25,257
37,688,698
415,586,960
181,218,957
330,576,661
599,611,675
176,520,834
162,309,639
183,271,323
165,482,683
397,788,799
250,459,806
186,402,543
97,637,948
15,722,847
141,519,688
611,650,971
60,419,548
1,537,704
157,273,964
214,237,668
446,486,838
87,414,658
124,537,621
135,994,995
251,534,926
538,599,823
461,716,931
120,369,635
54,558,923
34,486,617
301,700,871
57,451,713
257,341,672
169,427,465
248,444,639
273,429,830
6,103,106
474,482,957
134,523,538
69,264,846
561,589,845
15,618,780
111,227,377
407,467,728
45,600,715
52,651,991
220,600,788
126,747,885
202,619,656
443,660,984
293,530,767
16,134,202
687,800,825
440,643,790
75,83,444
139,216,825
153,646,798
447,639,951
220,528,884
322,463,902
299,494,722
526,886,888
13,413,440
32,474,748
476,483,928
419,895,985
78,260,631
384,527,862
350,747,953
581,835,965
184,247,488
151,641,811
31,652,678
179,191,310
478,886,936
323,586,868
47,496,927
205,317,470
314,825,988
247,267,644
256,323,910
13,762,830
868,885,940
165,537,563
595,778,827
13,202,233
645,867,926
197,422,452
43,860,895
525,762,866
79,237,629
473,593,931
31,368,860
276,308,985
122,125,771
392,498,602
235,618,774
161,773,870
615,813,883
79,685,761
46,212,299
214,400,526
587,673,998
619,715,834
434,548,775
504,633,668
639,703,891
461,595,994
246,735,757
418,689,747
144,530,884
261,360,944
385,440,791
147,569,872
326,473,734
37,385,860
69,254,359
18,185,801
486,510,573
112,404,619
156,207,333
211,482,841
244,346,515
319,351,438
31,734,786
82,322,478
165,453,554
75,103,920
599,706,846
530,536,647
126,514,851
133,522,758
203,563,608
416,455,476
702,834,891
181,505,961
65,267,895
35,200,569
248,291,497
38,59,936
79,228,920
218,219,494
481,573,817
141,425,470
114,292,833
561,627,649
123,461,569
233,444,677
74,358,869
261,385,618
165,228,979
508,677,814
366,690,840
91,474,877
104,753,829
542,803,963
297,574,760
140,256,292
176,491,960
426,596,921
84,424,718
269,275,304
192,495,593
312,376,900
384,684,802
19,332,670
66,110,209
82,809,973
126,238,533
238,783,932
10,492,929
285,713,747
8,320,682
280,486,912
243,429,813
78,225,873
387,473,620
37,370,819
271,289,525
276,415,803
518,702,844
58,478,587
112,333,912
479,929,944
319,428,480
86,411,789
666,952,988
102,306,330
142,630,895
16,214,667
218,537,951
573,732,764
5,38,490
121,338,697
234,556,910
203,424,473
106,784,840
503,734,768
112,292,479
434,448,766
304,325,590
100,609,762
636,742,986
568,622,998
32,286,351
448,477,988
163,722,788
189,579,965
635,698,805
39,482,721
382,542,571
360,524,529
61,64,523
227,783,883
124,477,749
346,679,881
23,37,360
376,447,515
70,657,852
160,266,896
55,277,854
142,644,784
107,225,678
112,242,375
326,665,838
574,684,790
279,303,790
557,598,666
450,550,655
26,114,873
14,486,943
6,159,329
140,142,256
197,419,859
252,631,902
536,621,745
111,179,215
134,342,785
778,824,959
357,682,775
80,392,864
53,449,473
135,185,954
94,636,684
231,520,636
214,318,789
218,470,828
204,507,996
266,785,912
135,450,476
192,233,774
272,451,592
1,517,635
234,749,863
91,239,558
129,356,731
69,558,955
340,531,642
107,983,984
105,668,917
359,416,625
334,587,662
287,439,952
291,315,821
148,529,584
77,372,703
123,311,859
407,745,828
26,312,699
331,787,911
296,435,647
97,135,295
127,289,602
466,656,964
101,577,841
1,168,495
232,361,765
666,679,894
346,749,949
53,66,726
32,425,453
63,344,393
20,21,302
125,321,614
52,208,554
268,319,521
313,717,988
91,343,484
399,631,830
259,330,802
354,678,943
34,498,966
673,797,972
146,594,690
81,842,915
129,839,955
749,841,934
161,218,274
84,672,730
277,303,741
378,573,860
675,898,909
129,295,976
145,492,510
142,949,991
75,85,924
12,274,418
535,597,817
222,412,646
81,650,722
527,607,711
4,493,937
39,131,155
27,227,470
112,577,955
133,565,777
163,344,878
272,359,970
416,691,927
645,708,886
142,178,969
581,660,845
315,520,978
744,841,894
197,268,755
496,630,944
222,288,700
454,498,879
159,367,589
37,61,626
131,500,861
330,676,838
105,583,961
7,398,822
411,591,851
70,349,813
630,663,764
537,627,770
626,774,775
113,516,982
91,430,972
84,315,977
288,387,416
42,513,701
376,564,890
447,598,749
524,652,707
141,498,984
373,548,864
3,212,767
177,679,752
397,528,705
196,257,993
439,504,788
105,279,383
11,13,898
219,242,602
103,752,875
444,859,893
8,213,986
36,178,238
384,803,902
171,583,939
318,357,944
34,394,480
787,815,923
353,412,655
251,287,743
489,683,873
266,393,888
16,689,918
768,911,949
254,772,817
220,538,638
363,591,934
173,647,849
617,658,897
29,470,686
216,707,919
338,480,819
612,685,717
233,398,671
136,476,794
110,198,356
103,437,673
419,506,970
52,222,386
133,168,388
618,679,729
554,575,639
480,595,956
218,574,989
11,396,661
100,143,696
77,267,713
321,382,642
573,734,737
309,580,904
477,837,965
183,368,555
231,757,853
534,621,999
407,606,967
84,190,926
77,891,921
126,295,540
285,806,820
399,582,620
267,430,561
362,384,397
307,450,942
88,230,903
50,639,776
142,729,741
27,62,71
138,549,640
100,319,935
499,694,980
31,43,902
257,346,700
134,617,639
269,505,853
714,961,991
343,543,744
453,554,833
317,673,775
642,718,989
25,100,714
350,628,667
389,630,828
212,411,983
74,336,801
598,749,752
212,438,973
231,703,751
361,505,612
207,236,705
328,552,972
308,699,990
290,295,755
66,755,972
168,389,503
53,344,455
622,880,884
65,559,892
285,615,685
523,762,953
297,402,460
634,862,933
348,510,781
386,440,719
701,796,986
353,701,859
15,279,975
175,196,806
40,443,640
217,556,912
108,393,805
605,646,776
94,121,780
36,576,855
207,713,992
13,53,468
68,129,821
355,639,661
580,607,772
228,298,631
730,761,936
141,707,817
201,247,885
285,904,921
194,822,841
262,302,446
241,611,847
211,361,752
59,273,621
462,589,752
146,201,651
71,492,992
620,801,816
235,629,966
328,711,847
1,804,833
139,234,781
121,212,958
169,669,902
735,780,800
239,801,870
65,197,916
142,393,772
62,328,818
545,628,829
54,313,496
486,788,988
455,614,852
68,78,343
101,439,860
518,818,880
472,574,756
108,269,760
139,180,931
360,901,960
208,278,405
503,863,995
137,240,512
508,541,997
259,352,838
6,170,848
162,460,691
375,496,567
23,29,231
