time,mean_rho_mc
0,0.29999999999999893
1,0.3441299999999999
2,0.37614500000000006
3,0.4031649999999999
4,0.42834500000000025
5,0.4512649999999997
6,0.4732649999999999
7,0.49541499999999977
8,0.5169900000000005
9,0.5386100000000004
10,0.5560150000000001
11,0.571865
12,0.5867349999999995
13,0.5972649999999997
14,0.6088649999999997
15,0.6174549999999998
16,0.6278550000000004
17,0.6336000000000006
18,0.6387000000000004
19,0.6430250000000004
20,0.6473850000000005
21,0.6495150000000004
22,0.64893
23,0.6525950000000003
24,0.6543150000000008
25,0.6561250000000005
26,0.6576150000000004
27,0.6568600000000007
28,0.6568150000000006
29,0.6573150000000006
30,0.6589800000000007
31,0.6598250000000005
32,0.6594450000000005
33,0.6604200000000007
34,0.6620550000000008
35,0.6623150000000007
36,0.6611100000000004
37,0.6619300000000008
38,0.6622350000000009
39,0.6612450000000006
40,0.6604950000000009
41,0.6615200000000004
42,0.6617850000000004
43,0.6602650000000007
44,0.6612400000000008
45,0.6607850000000003
46,0.6619750000000008
47,0.6612250000000004
48,0.6607550000000003
49,0.660860000000001
50,0.6590900000000006
51,0.6587350000000011
52,0.6593550000000006
53,0.6591700000000001
54,0.6615250000000007
55,0.6612500000000004
56,0.6603550000000006
57,0.6610250000000009
58,0.6600650000000006
59,0.6594700000000004
60,0.6624400000000007
61,0.6622350000000001
62,0.6620350000000005
63,0.6610900000000004
64,0.6612000000000006
65,0.6616200000000002
66,0.6615550000000004
67,0.6610450000000004
68,0.6616000000000009
69,0.6611500000000001
70,0.6607250000000005
71,0.6603950000000005
72,0.6605900000000007
73,0.6623700000000006
74,0.6605000000000004
75,0.6605750000000005
76,0.6613000000000002
77,0.6613350000000007
78,0.6604850000000004
79,0.6633800000000004
80,0.6615550000000002
81,0.6636200000000005
82,0.6634250000000005
83,0.6623000000000006
84,0.6618750000000009
85,0.6585700000000004
86,0.6613050000000004
87,0.6609650000000006
88,0.6618650000000009
89,0.6615050000000003
90,0.6597200000000005
91,0.6599650000000007
92,0.6585400000000011
93,0.6569500000000004
94,0.6597700000000007
95,0.6590200000000008
96,0.6580000000000007
97,0.6586450000000006
98,0.6580800000000007
99,0.6588350000000005
100,0.6587900000000003
