deletion_type,theta_del,beta,run,w_c,found,rho_final_at_wc,num_deleted_at_wc
threshold,0.200000,0.240000,0,0.220000,True,0.000000,660
threshold,0.200000,0.240000,1,0.240000,True,0.000000,720
threshold,0.200000,0.240000,2,0.240000,True,0.000000,720
threshold,0.200000,0.240000,3,0.240000,True,0.000000,720
threshold,0.200000,0.240000,4,0.220000,True,0.000000,660
threshold,0.200000,0.250000,0,0.260000,True,0.000000,780
threshold,0.200000,0.250000,1,0.260000,True,0.000000,780
threshold,0.200000,0.250000,2,0.260000,True,0.000000,780
threshold,0.200000,0.250000,3,0.260000,True,0.000000,780
threshold,0.200000,0.250000,4,0.260000,True,0.000000,780
threshold,0.200000,0.260000,0,0.280000,True,0.000000,840
threshold,0.200000,0.260000,1,0.280000,True,0.000000,840
threshold,0.200000,0.260000,2,0.280000,True,0.000000,840
threshold,0.200000,0.260000,3,0.280000,True,0.000000,840
threshold,0.200000,0.260000,4,0.280000,True,0.000000,840
threshold,0.200000,0.270000,0,0.300000,True,0.000000,900
threshold,0.200000,0.270000,1,0.320000,True,0.000000,960
threshold,0.200000,0.270000,2,0.320000,True,0.000000,960
threshold,0.200000,0.270000,3,0.320000,True,0.000000,960
threshold,0.200000,0.270000,4,0.300000,True,0.000000,900
threshold,0.200000,0.280000,0,0.340000,True,0.000000,1020
threshold,0.200000,0.280000,1,0.340000,True,0.000000,1020
threshold,0.200000,0.280000,2,0.340000,True,0.000000,1020
threshold,0.200000,0.280000,3,0.340000,True,0.000000,1020
threshold,0.200000,0.280000,4,0.340000,True,0.000000,1020
threshold,0.200000,0.290000,0,0.360000,True,0.000000,1080
threshold,0.200000,0.290000,1,0.380000,True,0.000000,1140
threshold,0.200000,0.290000,2,0.380000,True,0.000000,1140
threshold,0.200000,0.290000,3,0.380000,True,0.000000,1140
threshold,0.200000,0.290000,4,0.360000,True,0.000000,1080
threshold,0.200000,0.300000,0,0.400000,True,0.000000,1200
threshold,0.200000,0.300000,1,0.400000,True,0.000000,1200
threshold,0.200000,0.300000,2,0.400000,True,0.000000,1200
threshold,0.200000,0.300000,3,0.400000,True,0.000000,1200
threshold,0.200000,0.300000,4,0.400000,True,0.000000,1200
threshold,0.200000,0.310000,0,0.420000,True,0.000000,1260
threshold,0.200000,0.310000,1,0.420000,True,0.000000,1260
threshold,0.200000,0.310000,2,0.420000,True,0.000000,1260
threshold,0.200000,0.310000,3,0.420000,True,0.000000,1260
threshold,0.200000,0.310000,4,0.420000,True,0.000000,1260
threshold,0.200000,0.320000,0,0.440000,True,0.000000,1320
threshold,0.200000,0.320000,1,0.440000,True,0.000000,1320
threshold,0.200000,0.320000,2,0.440000,True,0.000000,1320
threshold,0.200000,0.320000,3,0.440000,True,0.000000,1320
threshold,0.200000,0.320000,4,0.440000,True,0.000000,1320
threshold,0.200000,0.330000,0,0.460000,True,0.000000,1380
threshold,0.200000,0.330000,1,0.460000,True,0.000000,1380
threshold,0.200000,0.330000,2,0.460000,True,0.000000,1380
threshold,0.200000,0.330000,3,0.460000,True,0.000000,1380
threshold,0.200000,0.330000,4,0.460000,True,0.000000,1380
threshold,0.200000,0.340000,0,0.480000,True,0.000000,1440
threshold,0.200000,0.340000,1,0.480000,True,0.000000,1440
threshold,0.200000,0.340000,2,0.480000,True,0.000000,1440
threshold,0.200000,0.340000,3,0.480000,True,0.000000,1440
threshold,0.200000,0.340000,4,0.480000,True,0.000000,1440
threshold,0.200000,0.350000,0,0.500000,True,0.000000,1500
threshold,0.200000,0.350000,1,0.500000,True,0.000000,1500
threshold,0.200000,0.350000,2,0.500000,True,0.000000,1500
threshold,0.200000,0.350000,3,0.500000,True,0.000000,1500
threshold,0.200000,0.350000,4,0.480000,True,0.000000,1440
threshold,0.200000,0.360000,0,0.520000,True,0.000000,1560
threshold,0.200000,0.360000,1,0.540000,True,0.000000,1620
threshold,0.200000,0.360000,2,0.520000,True,0.000000,1560
threshold,0.200000,0.360000,3,0.520000,True,0.000000,1560
threshold,0.200000,0.360000,4,0.520000,True,0.000000,1560
threshold,0.200000,0.370000,0,0.540000,True,0.000000,1620
threshold,0.200000,0.370000,1,0.560000,True,0.000000,1680
threshold,0.200000,0.370000,2,0.560000,True,0.000000,1680
threshold,0.200000,0.370000,3,0.560000,True,0.000000,1680
threshold,0.200000,0.370000,4,0.560000,True,0.000000,1680
threshold,0.200000,0.380000,0,0.560000,True,0.000000,1680
threshold,0.200000,0.380000,1,0.580000,True,0.000000,1740
threshold,0.200000,0.380000,2,0.580000,True,0.000000,1740
threshold,0.200000,0.380000,3,0.580000,True,0.000000,1740
threshold,0.200000,0.380000,4,0.580000,True,0.000000,1740
threshold,0.200000,0.390000,0,0.600000,True,0.000000,1800
threshold,0.200000,0.390000,1,0.600000,True,0.000000,1800
threshold,0.200000,0.390000,2,0.600000,True,0.000000,1800
threshold,0.200000,0.390000,3,0.600000,True,0.000000,1800
threshold,0.200000,0.390000,4,0.600000,True,0.000000,1800
threshold,0.200000,0.400000,0,0.600000,True,0.000000,1800
threshold,0.200000,0.400000,1,0.620000,True,0.000000,1860
threshold,0.200000,0.400000,2,0.620000,True,0.000000,1860
threshold,0.200000,0.400000,3,0.620000,True,0.000000,1860
threshold,0.200000,0.400000,4,0.620000,True,0.000000,1860
threshold,0.400000,0.240000,0,0.260000,True,0.000000,780
threshold,0.400000,0.240000,1,0.260000,True,0.000000,780
threshold,0.400000,0.240000,2,0.260000,True,0.000000,780
threshold,0.400000,0.240000,3,0.260000,True,0.000000,780
threshold,0.400000,0.240000,4,0.260000,True,0.000000,780
threshold,0.400000,0.250000,0,0.280000,True,0.000000,840
threshold,0.400000,0.250000,1,0.280000,True,0.000000,840
threshold,0.400000,0.250000,2,0.280000,True,0.000000,840
threshold,0.400000,0.250000,3,0.280000,True,0.000000,840
threshold,0.400000,0.250000,4,0.280000,True,0.000000,840
threshold,0.400000,0.260000,0,0.300000,True,0.000000,900
threshold,0.400000,0.260000,1,0.300000,True,0.000000,900
threshold,0.400000,0.260000,2,0.300000,True,0.000000,900
threshold,0.400000,0.260000,3,0.300000,True,0.000000,900
threshold,0.400000,0.260000,4,0.300000,True,0.000000,900
threshold,0.400000,0.270000,0,0.320000,True,0.000000,960
threshold,0.400000,0.270000,1,0.320000,True,0.000000,960
threshold,0.400000,0.270000,2,0.320000,True,0.000000,960
threshold,0.400000,0.270000,3,0.320000,True,0.000000,960
threshold,0.400000,0.270000,4,0.320000,True,0.000000,960
threshold,0.400000,0.280000,0,0.360000,True,0.000000,1080
threshold,0.400000,0.280000,1,0.380000,True,0.000000,1140
threshold,0.400000,0.280000,2,0.360000,True,0.000000,1080
threshold,0.400000,0.280000,3,0.360000,True,0.000000,1080
threshold,0.400000,0.280000,4,0.360000,True,0.000000,1080
threshold,0.400000,0.290000,0,0.420000,True,0.000000,1260
threshold,0.400000,0.290000,1,0.420000,True,0.000000,1260
threshold,0.400000,0.290000,2,0.420000,True,0.000000,1260
threshold,0.400000,0.290000,3,0.420000,True,0.000000,1260
threshold,0.400000,0.290000,4,0.420000,True,0.000000,1260
threshold,0.400000,0.300000,0,0.460000,True,0.000000,1380
threshold,0.400000,0.300000,1,0.460000,True,0.000000,1380
threshold,0.400000,0.300000,2,0.440000,True,0.000000,1320
threshold,0.400000,0.300000,3,0.460000,True,0.000000,1380
threshold,0.400000,0.300000,4,0.440000,True,0.000000,1320
threshold,0.400000,0.310000,0,0.480000,True,0.000000,1440
threshold,0.400000,0.310000,1,0.480000,True,0.000000,1440
threshold,0.400000,0.310000,2,0.480000,True,0.000000,1440
threshold,0.400000,0.310000,3,0.480000,True,0.000000,1440
threshold,0.400000,0.310000,4,0.480000,True,0.000000,1440
threshold,0.400000,0.320000,0,0.500000,True,0.000000,1500
threshold,0.400000,0.320000,1,0.520000,True,0.000000,1560
threshold,0.400000,0.320000,2,0.500000,True,0.000000,1500
threshold,0.400000,0.320000,3,0.500000,True,0.000000,1500
threshold,0.400000,0.320000,4,0.500000,True,0.000000,1500
threshold,0.400000,0.330000,0,0.520000,True,0.000000,1560
threshold,0.400000,0.330000,1,0.520000,True,0.000000,1560
threshold,0.400000,0.330000,2,0.520000,True,0.000000,1560
threshold,0.400000,0.330000,3,0.520000,True,0.000000,1560
threshold,0.400000,0.330000,4,0.520000,True,0.000000,1560
threshold,0.400000,0.340000,0,0.540000,True,0.000000,1620
threshold,0.400000,0.340000,1,0.540000,True,0.000000,1620
threshold,0.400000,0.340000,2,0.540000,True,0.000000,1620
threshold,0.400000,0.340000,3,0.520000,True,0.000000,1560
threshold,0.400000,0.340000,4,0.540000,True,0.000000,1620
threshold,0.400000,0.350000,0,0.540000,True,0.000000,1620
threshold,0.400000,0.350000,1,0.540000,True,0.000000,1620
threshold,0.400000,0.350000,2,0.540000,True,0.000000,1620
threshold,0.400000,0.350000,3,0.540000,True,0.000000,1620
threshold,0.400000,0.350000,4,0.560000,True,0.000000,1680
threshold,0.400000,0.360000,0,0.540000,True,0.000000,1620
threshold,0.400000,0.360000,1,0.540000,True,0.000000,1620
threshold,0.400000,0.360000,2,0.540000,True,0.000000,1620
threshold,0.400000,0.360000,3,0.540000,True,0.000000,1620
threshold,0.400000,0.360000,4,0.560000,True,0.000000,1680
threshold,0.400000,0.370000,0,0.560000,True,0.000000,1680
threshold,0.400000,0.370000,1,0.560000,True,0.000000,1680
threshold,0.400000,0.370000,2,0.560000,True,0.000000,1680
threshold,0.400000,0.370000,3,0.560000,True,0.000000,1680
threshold,0.400000,0.370000,4,0.560000,True,0.000000,1680
threshold,0.400000,0.380000,0,0.580000,True,0.000000,1740
threshold,0.400000,0.380000,1,0.580000,True,0.000000,1740
threshold,0.400000,0.380000,2,0.580000,True,0.000000,1740
threshold,0.400000,0.380000,3,0.580000,True,0.000000,1740
threshold,0.400000,0.380000,4,0.560000,True,0.000000,1680
threshold,0.400000,0.390000,0,0.580000,True,0.000000,1740
threshold,0.400000,0.390000,1,0.600000,True,0.000000,1800
threshold,0.400000,0.390000,2,0.600000,True,0.000000,1800
threshold,0.400000,0.390000,3,0.580000,True,0.000000,1740
threshold,0.400000,0.390000,4,0.580000,True,0.000000,1740
threshold,0.400000,0.400000,0,0.620000,True,0.000000,1860
threshold,0.400000,0.400000,1,0.640000,True,0.000000,1920
threshold,0.400000,0.400000,2,0.640000,True,0.000000,1920
threshold,0.400000,0.400000,3,0.640000,True,0.000000,1920
threshold,0.400000,0.400000,4,0.640000,True,0.000000,1920
threshold,0.600000,0.240000,0,0.260000,True,0.000000,780
threshold,0.600000,0.240000,1,0.260000,True,0.000000,780
threshold,0.600000,0.240000,2,0.260000,True,0.000000,780
threshold,0.600000,0.240000,3,0.240000,True,0.000000,720
threshold,0.600000,0.240000,4,0.260000,True,0.000000,780
threshold,0.600000,0.250000,0,0.260000,True,0.000000,780
threshold,0.600000,0.250000,1,0.280000,True,0.000000,840
threshold,0.600000,0.250000,2,0.280000,True,0.000000,840
threshold,0.600000,0.250000,3,0.260000,True,0.000000,780
threshold,0.600000,0.250000,4,0.260000,True,0.000000,780
threshold,0.600000,0.260000,0,0.300000,True,0.000000,900
threshold,0.600000,0.260000,1,0.300000,True,0.000000,900
threshold,0.600000,0.260000,2,0.320000,True,0.000000,960
threshold,0.600000,0.260000,3,0.320000,True,0.000000,960
threshold,0.600000,0.260000,4,0.300000,True,0.000000,900
threshold,0.600000,0.270000,0,0.360000,True,0.000000,1080
threshold,0.600000,0.270000,1,0.360000,True,0.000000,1080
threshold,0.600000,0.270000,2,0.360000,True,0.000000,1080
threshold,0.600000,0.270000,3,0.360000,True,0.000000,1080
threshold,0.600000,0.270000,4,0.360000,True,0.000000,1080
threshold,0.600000,0.280000,0,0.420000,True,0.000000,1260
threshold,0.600000,0.280000,1,0.420000,True,0.000000,1260
threshold,0.600000,0.280000,2,0.420000,True,0.000000,1260
threshold,0.600000,0.280000,3,0.420000,True,0.000000,1260
threshold,0.600000,0.280000,4,0.420000,True,0.000000,1260
threshold,0.600000,0.290000,0,0.480000,True,0.000000,1440
threshold,0.600000,0.290000,1,0.480000,True,0.000000,1440
threshold,0.600000,0.290000,2,0.480000,True,0.000000,1440
threshold,0.600000,0.290000,3,0.480000,True,0.000000,1440
threshold,0.600000,0.290000,4,0.480000,True,0.000000,1440
threshold,0.600000,0.300000,0,0.520000,True,0.000000,1560
threshold,0.600000,0.300000,1,0.520000,True,0.000000,1560
threshold,0.600000,0.300000,2,0.520000,True,0.000000,1560
threshold,0.600000,0.300000,3,0.540000,True,0.000000,1620
threshold,0.600000,0.300000,4,0.520000,True,0.000000,1560
threshold,0.600000,0.310000,0,0.560000,True,0.000000,1680
threshold,0.600000,0.310000,1,0.560000,True,0.000000,1680
threshold,0.600000,0.310000,2,0.540000,True,0.000000,1620
threshold,0.600000,0.310000,3,0.560000,True,0.000000,1680
threshold,0.600000,0.310000,4,0.540000,True,0.000000,1620
threshold,0.600000,0.320000,0,0.580000,True,0.000000,1740
threshold,0.600000,0.320000,1,0.580000,True,0.000000,1740
threshold,0.600000,0.320000,2,0.560000,True,0.000000,1680
threshold,0.600000,0.320000,3,0.560000,True,0.000000,1680
threshold,0.600000,0.320000,4,0.580000,True,0.000000,1740
threshold,0.600000,0.330000,0,0.580000,True,0.000000,1740
threshold,0.600000,0.330000,1,0.600000,True,0.000000,1800
threshold,0.600000,0.330000,2,0.580000,True,0.000000,1740
threshold,0.600000,0.330000,3,0.580000,True,0.000000,1740
threshold,0.600000,0.330000,4,0.580000,True,0.000000,1740
threshold,0.600000,0.340000,0,0.600000,True,0.000000,1800
threshold,0.600000,0.340000,1,0.600000,True,0.000000,1800
threshold,0.600000,0.340000,2,0.580000,True,0.000000,1740
threshold,0.600000,0.340000,3,0.580000,True,0.000000,1740
threshold,0.600000,0.340000,4,0.600000,True,0.000000,1800
threshold,0.600000,0.350000,0,0.600000,True,0.000000,1800
threshold,0.600000,0.350000,1,0.600000,True,0.000000,1800
threshold,0.600000,0.350000,2,0.600000,True,0.000000,1800
threshold,0.600000,0.350000,3,0.580000,True,0.000000,1740
threshold,0.600000,0.350000,4,0.600000,True,0.000000,1800
threshold,0.600000,0.360000,0,0.600000,True,0.000000,1800
threshold,0.600000,0.360000,1,0.600000,True,0.000000,1800
threshold,0.600000,0.360000,2,0.600000,True,0.000000,1800
threshold,0.600000,0.360000,3,0.580000,True,0.000000,1740
threshold,0.600000,0.360000,4,0.600000,True,0.000000,1800
threshold,0.600000,0.370000,0,0.580000,True,0.000000,1740
threshold,0.600000,0.370000,1,0.600000,True,0.000000,1800
threshold,0.600000,0.370000,2,0.580000,True,0.000000,1740
threshold,0.600000,0.370000,3,0.600000,True,0.000000,1800
threshold,0.600000,0.370000,4,0.600000,True,0.000000,1800
threshold,0.600000,0.380000,0,0.600000,True,0.000000,1800
threshold,0.600000,0.380000,1,0.600000,True,0.000000,1800
threshold,0.600000,0.380000,2,0.600000,True,0.000000,1800
threshold,0.600000,0.380000,3,0.600000,True,0.000000,1800
threshold,0.600000,0.380000,4,0.600000,True,0.000000,1800
threshold,0.600000,0.390000,0,0.620000,True,0.000000,1860
threshold,0.600000,0.390000,1,0.600000,True,0.000000,1800
threshold,0.600000,0.390000,2,0.620000,True,0.000000,1860
threshold,0.600000,0.390000,3,0.620000,True,0.000000,1860
threshold,0.600000,0.390000,4,0.600000,True,0.000000,1800
threshold,0.600000,0.400000,0,0.620000,True,0.000000,1860
threshold,0.600000,0.400000,1,0.640000,True,0.000000,1920
threshold,0.600000,0.400000,2,0.620000,True,0.000000,1860
threshold,0.600000,0.400000,3,0.620000,True,0.000000,1860
threshold,0.600000,0.400000,4,0.620000,True,0.000000,1860
random,-1.000000,0.240000,0,0.340000,True,0.000000,1020
random,-1.000000,0.240000,1,0.360000,True,0.000000,1080
random,-1.000000,0.240000,2,0.360000,True,0.000000,1080
random,-1.000000,0.240000,3,0.360000,True,0.000000,1080
random,-1.000000,0.240000,4,0.340000,True,0.000000,1020
random,-1.000000,0.250000,0,0.380000,True,0.000000,1140
random,-1.000000,0.250000,1,0.380000,True,0.000000,1140
random,-1.000000,0.250000,2,0.380000,True,0.000000,1140
random,-1.000000,0.250000,3,0.380000,True,0.000000,1140
random,-1.000000,0.250000,4,0.380000,True,0.000000,1140
random,-1.000000,0.260000,0,0.420000,True,0.000000,1260
random,-1.000000,0.260000,1,0.420000,True,0.000000,1260
random,-1.000000,0.260000,2,0.420000,True,0.000000,1260
random,-1.000000,0.260000,3,0.400000,True,0.000000,1200
random,-1.000000,0.260000,4,0.420000,True,0.000000,1260
random,-1.000000,0.270000,0,0.440000,True,0.000000,1320
random,-1.000000,0.270000,1,0.460000,True,0.000000,1380
random,-1.000000,0.270000,2,0.440000,True,0.000000,1320
random,-1.000000,0.270000,3,0.440000,True,0.000000,1320
random,-1.000000,0.270000,4,0.460000,True,0.000000,1380
random,-1.000000,0.280000,0,0.460000,True,0.000000,1380
random,-1.000000,0.280000,1,0.480000,True,0.000000,1440
random,-1.000000,0.280000,2,0.480000,True,0.000000,1440
random,-1.000000,0.280000,3,0.460000,True,0.000000,1380
random,-1.000000,0.280000,4,0.480000,True,0.000000,1440
random,-1.000000,0.290000,0,0.500000,True,0.000000,1500
random,-1.000000,0.290000,1,0.500000,True,0.000000,1500
random,-1.000000,0.290000,2,0.500000,True,0.000000,1500
random,-1.000000,0.290000,3,0.500000,True,0.000000,1500
random,-1.000000,0.290000,4,0.500000,True,0.000000,1500
random,-1.000000,0.300000,0,0.520000,True,0.000000,1560
random,-1.000000,0.300000,1,0.520000,True,0.000000,1560
random,-1.000000,0.300000,2,0.540000,True,0.000000,1620
random,-1.000000,0.300000,3,0.540000,True,0.000000,1620
random,-1.000000,0.300000,4,0.520000,True,0.000000,1560
random,-1.000000,0.310000,0,0.540000,True,0.000000,1620
random,-1.000000,0.310000,1,0.560000,True,0.000000,1680
random,-1.000000,0.310000,2,0.560000,True,0.000000,1680
random,-1.000000,0.310000,3,0.560000,True,0.000000,1680
random,-1.000000,0.310000,4,0.540000,True,0.000000,1620
random,-1.000000,0.320000,0,0.560000,True,0.000000,1680
random,-1.000000,0.320000,1,0.560000,True,0.000000,1680
random,-1.000000,0.320000,2,0.580000,True,0.000000,1740
random,-1.000000,0.320000,3,0.580000,True,0.000000,1740
random,-1.000000,0.320000,4,0.580000,True,0.000000,1740
random,-1.000000,0.330000,0,0.600000,True,0.000000,1800
random,-1.000000,0.330000,1,0.580000,True,0.000000,1740
random,-1.000000,0.330000,2,0.600000,True,0.000000,1800
random,-1.000000,0.330000,3,0.600000,True,0.000000,1800
random,-1.000000,0.330000,4,0.600000,True,0.000000,1800
random,-1.000000,0.340000,0,0.620000,True,0.000000,1860
random,-1.000000,0.340000,1,0.600000,True,0.000000,1800
random,-1.000000,0.340000,2,0.620000,True,0.000000,1860
random,-1.000000,0.340000,3,0.620000,True,0.000000,1860
random,-1.000000,0.340000,4,0.620000,True,0.000000,1860
random,-1.000000,0.350000,0,0.620000,True,0.000000,1860
random,-1.000000,0.350000,1,0.640000,True,0.000000,1920
random,-1.000000,0.350000,2,0.640000,True,0.000000,1920
random,-1.000000,0.350000,3,0.640000,True,0.000000,1920
random,-1.000000,0.350000,4,0.620000,True,0.000000,1860
random,-1.000000,0.360000,0,0.640000,True,0.000000,1920
random,-1.000000,0.360000,1,0.640000,True,0.000000,1920
random,-1.000000,0.360000,2,0.660000,True,0.000000,1980
random,-1.000000,0.360000,3,0.660000,True,0.000000,1980
random,-1.000000,0.360000,4,0.660000,True,0.000000,1980
random,-1.000000,0.370000,0,0.660000,True,0.000000,1980
random,-1.000000,0.370000,1,0.660000,True,0.000000,1980
random,-1.000000,0.370000,2,0.680000,True,0.000000,2040
random,-1.000000,0.370000,3,0.660000,True,0.000000,1980
random,-1.000000,0.370000,4,0.680000,True,0.000000,2040
random,-1.000000,0.380000,0,0.680000,True,0.000000,2040
random,-1.000000,0.380000,1,0.680000,True,0.000000,2040
random,-1.000000,0.380000,2,0.700000,True,0.000000,2100
random,-1.000000,0.380000,3,0.680000,True,0.000000,2040
random,-1.000000,0.380000,4,0.680000,True,0.000000,2040
random,-1.000000,0.390000,0,0.700000,True,0.000000,2100
random,-1.000000,0.390000,1,0.700000,True,0.000000,2100
random,-1.000000,0.390000,2,0.700000,True,0.000000,2100
random,-1.000000,0.390000,3,0.700000,True,0.000000,2100
random,-1.000000,0.390000,4,0.700000,True,0.000000,2100
random,-1.000000,0.400000,0,0.700000,True,0.000000,2100
random,-1.000000,0.400000,1,0.700000,True,0.000000,2100
random,-1.000000,0.400000,2,0.750000,True,0.000000,2250
random,-1.000000,0.400000,3,0.750000,True,0.000000,2250
random,-1.000000,0.400000,4,0.700000,True,0.000000,2100
