deletion_type,theta_del,beta,mean_wc,std_wc,count_found
random,-1.000000,0.240000,0.352000,0.010954,5
random,-1.000000,0.250000,0.380000,0.000000,5
random,-1.000000,0.260000,0.416000,0.008944,5
random,-1.000000,0.270000,0.448000,0.010954,5
random,-1.000000,0.280000,0.472000,0.010954,5
random,-1.000000,0.290000,0.500000,0.000000,5
random,-1.000000,0.300000,0.528000,0.010954,5
random,-1.000000,0.310000,0.552000,0.010954,5
random,-1.000000,0.320000,0.572000,0.010954,5
random,-1.000000,0.330000,0.596000,0.008944,5
random,-1.000000,0.340000,0.616000,0.008944,5
random,-1.000000,0.350000,0.632000,0.010954,5
random,-1.000000,0.360000,0.652000,0.010954,5
random,-1.000000,0.370000,0.668000,0.010954,5
random,-1.000000,0.380000,0.684000,0.008944,5
random,-1.000000,0.390000,0.700000,0.000000,5
random,-1.000000,0.400000,0.720000,0.027386,5
threshold,0.200000,0.240000,0.232000,0.010954,5
threshold,0.200000,0.250000,0.260000,0.000000,5
threshold,0.200000,0.260000,0.280000,0.000000,5
threshold,0.200000,0.270000,0.312000,0.010954,5
threshold,0.200000,0.280000,0.340000,0.000000,5
threshold,0.200000,0.290000,0.372000,0.010954,5
threshold,0.200000,0.300000,0.400000,0.000000,5
threshold,0.200000,0.310000,0.420000,0.000000,5
threshold,0.200000,0.320000,0.440000,0.000000,5
threshold,0.200000,0.330000,0.460000,0.000000,5
threshold,0.200000,0.340000,0.480000,0.000000,5
threshold,0.200000,0.350000,0.496000,0.008944,5
threshold,0.200000,0.360000,0.524000,0.008944,5
threshold,0.200000,0.370000,0.556000,0.008944,5
threshold,0.200000,0.380000,0.576000,0.008944,5
threshold,0.200000,0.390000,0.600000,0.000000,5
threshold,0.200000,0.400000,0.616000,0.008944,5
threshold,0.400000,0.240000,0.260000,0.000000,5
threshold,0.400000,0.250000,0.280000,0.000000,5
threshold,0.400000,0.260000,0.300000,0.000000,5
threshold,0.400000,0.270000,0.320000,0.000000,5
threshold,0.400000,0.280000,0.364000,0.008944,5
threshold,0.400000,0.290000,0.420000,0.000000,5
threshold,0.400000,0.300000,0.452000,0.010954,5
threshold,0.400000,0.310000,0.480000,0.000000,5
threshold,0.400000,0.320000,0.504000,0.008944,5
threshold,0.400000,0.330000,0.520000,0.000000,5
threshold,0.400000,0.340000,0.536000,0.008944,5
threshold,0.400000,0.350000,0.544000,0.008944,5
threshold,0.400000,0.360000,0.544000,0.008944,5
threshold,0.400000,0.370000,0.560000,0.000000,5
threshold,0.400000,0.380000,0.576000,0.008944,5
threshold,0.400000,0.390000,0.588000,0.010954,5
threshold,0.400000,0.400000,0.636000,0.008944,5
threshold,0.600000,0.240000,0.256000,0.008944,5
threshold,0.600000,0.250000,0.268000,0.010954,5
threshold,0.600000,0.260000,0.308000,0.010954,5
threshold,0.600000,0.270000,0.360000,0.000000,5
threshold,0.600000,0.280000,0.420000,0.000000,5
threshold,0.600000,0.290000,0.480000,0.000000,5
threshold,0.600000,0.300000,0.524000,0.008944,5
threshold,0.600000,0.310000,0.552000,0.010954,5
threshold,0.600000,0.320000,0.572000,0.010954,5
threshold,0.600000,0.330000,0.584000,0.008944,5
threshold,0.600000,0.340000,0.592000,0.010954,5
threshold,0.600000,0.350000,0.596000,0.008944,5
threshold,0.600000,0.360000,0.596000,0.008944,5
threshold,0.600000,0.370000,0.592000,0.010954,5
threshold,0.600000,0.380000,0.600000,0.000000,5
threshold,0.600000,0.390000,0.612000,0.010954,5
threshold,0.600000,0.400000,0.624000,0.008944,5
