theta_del,run,rho_final,f_del,num_deleted,iters
0.000000,0,0.380686,0.000000,0,500
0.000000,1,0.379998,0.000000,0,500
0.000000,2,0.379846,0.000000,0,500
0.000000,3,0.380113,0.000000,0,500
0.000000,4,0.380648,0.000000,0,500
0.000000,5,0.380865,0.000000,0,500
0.000000,6,0.380290,0.000000,0,500
0.000000,7,0.380675,0.000000,0,500
0.000000,8,0.380394,0.000000,0,500
0.000000,9,0.380787,0.000000,0,500
0.000000,10,0.379952,0.000000,0,500
0.000000,11,0.381431,0.000000,0,500
0.000000,12,0.380379,0.000000,0,500
0.000000,13,0.380499,0.000000,0,500
0.000000,14,0.381021,0.000000,0,500
0.050000,0,0.380686,0.000000,0,500
0.050000,1,0.379998,0.000000,0,500
0.050000,2,0.379846,0.000000,0,500
0.050000,3,0.380113,0.000000,0,500
0.050000,4,0.380648,0.000000,0,500
0.050000,5,0.380865,0.000000,0,500
0.050000,6,0.380290,0.000000,0,500
0.050000,7,0.380675,0.000000,0,500
0.050000,8,0.380394,0.000000,0,500
0.050000,9,0.380787,0.000000,0,500
0.050000,10,0.379952,0.000000,0,500
0.050000,11,0.381431,0.000000,0,500
0.050000,12,0.380379,0.000000,0,500
0.050000,13,0.380499,0.000000,0,500
0.050000,14,0.381021,0.000000,0,500
0.100000,0,0.380407,0.001667,5,500
0.100000,1,0.379724,0.001667,5,500
0.100000,2,0.378967,0.005333,16,500
0.100000,3,0.379449,0.004000,12,500
0.100000,4,0.380255,0.002333,7,500
0.100000,5,0.380525,0.002000,6,500
0.100000,6,0.379950,0.002000,6,500
0.100000,7,0.380446,0.001333,4,500
0.100000,8,0.379725,0.004000,12,500
0.100000,9,0.380344,0.002667,8,500
0.100000,10,0.379291,0.004000,12,500
0.100000,11,0.381310,0.000667,2,500
0.100000,12,0.379769,0.003667,11,500
0.100000,13,0.380333,0.001000,3,500
0.100000,14,0.380793,0.001333,4,500
0.150000,0,0.000000,0.343667,1031,500
0.150000,1,0.000000,0.345667,1037,500
0.150000,2,0.000000,0.360000,1080,500
0.150000,3,0.000000,0.351000,1053,500
0.150000,4,0.000000,0.336000,1008,500
0.150000,5,0.000000,0.337000,1011,500
0.150000,6,0.000000,0.354000,1062,500
0.150000,7,0.000000,0.345333,1036,500
0.150000,8,0.000000,0.341333,1024,500
0.150000,9,0.000000,0.346333,1039,500
0.150000,10,0.000000,0.364000,1092,500
0.150000,11,0.000000,0.336333,1009,500
0.150000,12,0.000000,0.353333,1060,500
0.150000,13,0.000000,0.347000,1041,500
0.150000,14,0.000000,0.342667,1028,500
0.200000,0,0.000000,0.734667,2204,500
0.200000,1,0.000000,0.748333,2245,500
0.200000,2,0.000000,0.734333,2203,500
0.200000,3,0.000000,0.737000,2211,500
0.200000,4,0.000000,0.740000,2220,500
0.200000,5,0.000000,0.743000,2229,500
0.200000,6,0.000000,0.740000,2220,500
0.200000,7,0.000000,0.751667,2255,500
0.200000,8,0.000000,0.735667,2207,500
0.200000,9,0.000000,0.745333,2236,500
0.200000,10,0.000000,0.735000,2205,500
0.200000,11,0.000000,0.755667,2267,500
0.200000,12,0.000000,0.738333,2215,500
0.200000,13,0.000000,0.737000,2211,500
0.200000,14,0.000000,0.739667,2219,500
0.250000,0,0.000000,0.896333,2689,500
0.250000,1,0.000000,0.904333,2713,500
0.250000,2,0.000000,0.888667,2666,500
0.250000,3,0.000000,0.891333,2674,500
0.250000,4,0.000000,0.897333,2692,500
0.250000,5,0.000000,0.894000,2682,500
0.250000,6,0.000000,0.898667,2696,500
0.250000,7,0.000000,0.899000,2697,500
0.250000,8,0.000000,0.894667,2684,500
0.250000,9,0.000000,0.898333,2695,500
0.250000,10,0.000000,0.886667,2660,500
0.250000,11,0.000000,0.901333,2704,500
0.250000,12,0.000000,0.888000,2664,500
0.250000,13,0.000000,0.897667,2693,500
0.250000,14,0.000000,0.893333,2680,500
0.300000,0,0.000000,0.954333,2863,500
0.300000,1,0.000000,0.953667,2861,500
0.300000,2,0.000000,0.952333,2857,500
0.300000,3,0.000000,0.955667,2867,500
0.300000,4,0.000000,0.956333,2869,500
0.300000,5,0.000000,0.953667,2861,500
0.300000,6,0.000000,0.955667,2867,500
0.300000,7,0.000000,0.956333,2869,500
0.300000,8,0.000000,0.960333,2881,500
0.300000,9,0.000000,0.959667,2879,500
0.300000,10,0.000000,0.947667,2843,500
0.300000,11,0.000000,0.957000,2871,500
0.300000,12,0.000000,0.948667,2846,500
0.300000,13,0.000000,0.955000,2865,500
0.300000,14,0.000000,0.955667,2867,500
0.350000,0,0.000000,0.976667,2930,500
0.350000,1,0.000000,0.972000,2916,500
0.350000,2,0.000000,0.973667,2921,500
0.350000,3,0.000000,0.977667,2933,500
0.350000,4,0.000000,0.979000,2937,500
0.350000,5,0.000000,0.978667,2936,500
0.350000,6,0.000000,0.979333,2938,500
0.350000,7,0.000000,0.976333,2929,500
0.350000,8,0.000000,0.980000,2940,500
0.350000,9,0.000000,0.979333,2938,500
0.350000,10,0.000000,0.976333,2929,500
0.350000,11,0.000000,0.977333,2932,500
0.350000,12,0.000000,0.976667,2930,500
0.350000,13,0.000000,0.978333,2935,500
0.350000,14,0.000000,0.979333,2938,500
0.400000,0,0.000000,0.986333,2959,500
0.400000,1,0.000000,0.986667,2960,500
0.400000,2,0.000000,0.987000,2961,500
0.400000,3,0.000000,0.990333,2971,500
0.400000,4,0.000000,0.988333,2965,500
0.400000,5,0.000000,0.989333,2968,500
0.400000,6,0.000000,0.988333,2965,500
0.400000,7,0.000000,0.990333,2971,500
0.400000,8,0.000000,0.990667,2972,500
0.400000,9,0.000000,0.989000,2967,500
0.400000,10,0.000000,0.988667,2966,500
0.400000,11,0.000000,0.986667,2960,500
0.400000,12,0.000000,0.988000,2964,500
0.400000,13,0.000000,0.986333,2959,500
0.400000,14,0.000000,0.988000,2964,500
