0.3587644160578509,0.35919139304543135,0.3589576001591863,0.35955393121059886,0.35885460586397583
0.34249975292214163,0.34293911349192646,0.34267842276135163,0.343188108301566,0.34258537856143845
0.32772294196458296,0.3281855889887239,0.32788815965143964,0.32833093551251,0.32780206950975443
0.3142789589423887,0.31477179961370794,0.3144300252739264,0.3148217856885185,0.31434869411142813
0.3020338464144481,0.30256110390637075,0.3021690782745895,0.302522866132182,0.3020907387987808
0.29087124678499354,0.29143533245898684,0.29098844953867153,0.29131510340190825,0.2909115093385908
0.2806897927736287,0.2812919069309364,0.28078654840857176,0.2810951475892017,0.28070942249181224
0.2714010494829895,0.2720416065963518,0.27147488874206577,0.27177307605063955,0.27139589463022945
0.2629278391394386,0.26360677466588256,0.2629763381716249,0.2632705661291075,0.2628936361499122
0.2552028500603661,0.25591984445365606,0.2552236768734923,0.2555194041016531,0.2551352414577039
0.24816746871524759,0.2489221120145607,0.24815839592701078,0.24846024952911747,0.24806200743147735
0.24177079423505426,0.2425627073647197,0.2417296892822407,0.24204160276144848,0.2416229368497705
0.23596880654131808,0.23679773096868142,0.2358936070842838,0.23621893975403696,0.23577389667984028
0.23072366653542623,0.23158953100106366,0.2306123464857178,0.23095398827428243,0.2304769091238273
0.22600313161867985,0.22690610263183503,0.22585366159619077,0.2262141259802076,0.22569955846003034
0.2217800732941913,0.2227205946280928,0.22159037815231727,0.22197188529102282,0.22141450029394297
0.21803208630351212,0.2190109116380029,0.21780000151219428,0.21820455327489982,0.217599062542068
0.21474118097775635,0.21575940301030852,0.2144644090443194,0.2148938574035854,0.21423492967499028
0.21189355239969318,0.21295263111289267,0.21156962008542923,0.2120257302167908,0.21130790363811605
0.2094794216701907,0.21058121395835588,0.20910563849492977,0.20959014784200605,0.2088077365515913
0.20749294609692304,0.2086397385812561,0.2070663644961202,0.20758103900565136,0.20672803181782545
0.20593219649351846,0.20712674306248685,0.20544957399592495,0.2059962626875216,0.20506621165714153
0.20479920098519494,0.20604476635231436,0.20425696491855244,0.2048376539186766,0.2038235503456786
0.2041000557236407,0.20540046606103537,0.20349427124806657,0.20411113837628136,0.20300527351387154
0.20384510363888808,0.20520480507432368,0.20317144638431062,0.20382691731735855,0.20262072471131568
0.20404918265785324,0.2054733080507318,0.20330291795231717,0.20399972488555734,0.2026836009341953
0.20473194446665918,0.20622638831336895,0.20390791615758036,0.20464915969857145,0.2032122587450595
0.2059182435220509,0.2074897439513452,0.20501087680993235,0.2058000915209153,0.20423009167350284
0.2076385930654822,0.20929481847918777,0.2066419177173673,0.20748314118840885,0.20576597727681134
0.20992967951742172,0.2116793152350847,0.208837382466792,0.20973522692291244,0.20785478781228248
0.2128349175819644,0.2146877444677308,0.2116404374440166,0.2126001614796715,0.21053795081098806
0.21640501387038405,0.21837196581124374,0.21510169451120284,0.21612927033004925,0.21386403331716713
0.22069848432092629,0.22279166385723,0.21927981049180165,0.22038197862037226,0.21788930385173053
0.22578203671305994,0.22801465717358624,0.2242419819542255,0.2254262802654281,0.2226781960891599
0.23173067973827516,0.23411688685685142,0.23006420503593186,0.23133895138235422,0.22830355364245924
0.23862734924242368,0.24118185448971666,0.2368310994597665,0.23820529649124147,0.23484647121048755
0.24656174540802034,0.24929917687777156,0.24463499738160113,0.2461181134804126,0.24239545846036417
0.2556279492576145,0.25856179540785784,0.25357386689399397,0.2551754283544802,0.2510445358719734
0.2659202375791092,0.2690612297764417,0.2637474787444711,0.26547638643878835,0.2608897285034603
0.2775263626658729,0.2808801266633932,0.2752510498464007,0.27711451263448744,0.27202326952558964
0.2905174571017069,0.29408128475583106,0.2881654545477743,0.29016742089409137,0.28452470105260125
0.3049337615397927,0.30869245002924517,0.3025430800042989,0.30468206621508387,0.2984480479140491
0.3207657147710116,0.32468664099752514,0.31838868054145564,0.32065496647134195,0.31380448107483583
0.33793080532520664,0.3419587923828374,0.33563539296847555,0.3380077186603976,0.33054057897966266
0.35624816628586936,0.36030125278833375,0.35411765776265824,0.3565598335565013,0.34851364263690404
0.37541522190837073,0.37938304082064755,0.37354523741830986,0.3760034590668948,0.36746759764924863
0.3949933237227734,0.39874012985521057,0.3934854519858895,0.39588748297959525,0.38701552015788454
0.4144110729535571,0.4177850718809219,0.41336298266720445,0.4156204986938011,0.4066368121170408
0.4329931107287522,0.43584227013453336,0.43248616236833703,0.4345011550884151,0.4256969478140349
0.450017014899865,0.45220913423068526,0.4501036966005591,0.451778749983741,0.44349395625920696
0.4647918849921456,0.46623433025705174,0.4654862206873959,0.46673694892291445,0.45932819625198884
0.47674257921165475,0.4773962106476589,0.47801634684501665,0.47878303342741085,0.4725829029975095
0.4854787218334729,0.4853620536040319,0.48726474042302886,0.48752005696677286,0.48279694373590987
0.4908312394727655,0.49001420416902924,0.4930327885247296,0.4927836708059416,0.4897121295696653
0.49285006200045695,0.49144012625119915,0.4953537585102795,0.49463749302201304,0.49328547731767525
0.49176900827180203,0.48989413916625063,0.4944579364524605,0.493334226893053,0.49366794898090693
0.4879517871454963,0.48574447962612977,0.49071633907114864,0.48925784303874575,0.49116001319901864
0.48183417282425717,0.479419172054012,0.48457932026589323,0.482862837019437,0.48615770575652356
0.4738734928777351,0.47136006629845795,0.4765224090965867,0.47462202904701667,0.47910104753235105
0.46451095530134673,0.4619892892620213,0.4670056674032457,0.4649882929435451,0.4704321844330438
0.45414763041382594,0.4516883168023296,0.45644766523970587,0.45437068640370354,0.46056598760248324
0.44313210051605895,0.44078758499635634,0.4452120331394543,0.4431226467569443,0.44987253224512674
0.43175672685988276,0.42956377388887823,0.43360332760101733,0.43153894113077446,0.4386691539450323
0.4202595351576676,0.41824203763252393,0.4218689686295484,0.41985821474144625,0.4272193086867798
0.40882928950740755,0.40700100615273,0.4102046150177999,0.4082686314781116,0.4157357164359692
0.3976120146505581,0.39597901420711085,0.398761092137719,0.39691484354165163,0.4043858211792378
0.38671783928035663,0.38528056257355686,0.38765165466801205,0.38590516804496267,0.3932981896195115
0.37622750114298364,0.37498243158740774,0.3769588762011359,0.3753183287574927,0.3825689715443974
0.3661981785765482,0.36513915376280076,0.3667408091286308,0.3652094481545984,0.3722679202395085
0.3566685202499742,0.35578773533979735,0.35703628174124713,0.35561518063447684,0.3624437286455108
0.34766286734218604,0.34695162501900406,0.3478693306552757,0.3465579970916505,0.3531286003721596
0.33919472802730427,0.3386439863767683,0.33925283614445473,0.338049693204134,0.3443420704160824
0.3312695938573871,0.33087035690086375,0.3311914587319345,0.33009422039888375,0.3360941407503524
0.3238871960265103,0.3236307840527716,0.32368398338575377,0.3226899442924074,0.3283878176107731
0.31704329611357424,0.3169215256769987,0.3167251732275508,0.31583143002937664,0.32122114196653045
0.3107310967067234,0.3107363937362896,0.31030722423183726,0.30951084326095624,0.31458880001543527
0.3049423458639211,0.30506780992915217,0.304420899749151,0.30371904297454033,0.3084833914028359
0.2996681976570989,0.29990763104105567,0.29905641092964297,0.298446429909755,0.30289642209852674
0.2948998801071396,0.2952477918284878,0.2942040973126727,0.2936836028183339,0.29781907808344704
0.29062921208848264,0.29108080424939853,0.28985495142428414,0.28942186472908255,0.2932428260130695
0.28684900237603633,0.2874001440443689,0.28600102227940033,0.2856536127254861,0.28915987817665084
0.28355335685205874,0.28420054898218183,0.28263572512342616,0.28237263742453605,0.2855635514260962
0.2807379138240848,0.2814782473669445,0.27975407838168964,0.27957435217096377,0.282448543220549
0.2784000222244536,0.2792311304779063,0.27735288339063097,0.2772559667082795,0.27981114236334675
0.2765388729531893,0.2774588782804303,0.2754308578288425,0.2754166155265697,0.27764938720448085
0.2751555895761981,0.2761630438096487,0.2739887296204628,0.27405744699127843,0.27596317984234975
0.2742532807947167,0.2753470978954008,0.27302929422903527,0.2731816755106206,0.2747543609831969
0.27383705336447006,0.275016432185774,0.27255743448869096,0.2727945951957515,0.27402674641194386
0.27391398028142083,0.2751783145680535,0.2725800982354475,0.27290354951349477,0.2737861223109717
0.2744930149010291,0.27584178693256717,0.27310622482474894,0.2735178471498685,0.2740401927649424
0.2755848370858536,0.2770174906653661,0.27414660699875587,0.2746486095471032,0.27479846856404117
0.277201612401905,0.2787174002409357,0.2757136693921134,0.2763085302539255,0.27607208175840176
0.27935663981930714,0.2809544398720799,0.2778211392151471,0.2785115203392833,0.2778735052841598
0.2820638574819012,0.28374195258575946,0.28048357844756777,0.2812722078225717,0.2802161514516379
0.2853371702981166,0.287092985815879,0.2837157405615943,0.2846052527813321,0.28311381741628894
0.2891895581357576,0.2910193535001328,0.2875317090690187,0.288524434306279,0.2865799404798794
0.2936319205466469,0.2955304331192509,0.2919437712555299,0.29304146212517684,0.29062662213253687
0.29867161513678037,0.3006316591585693,0.29696098021116896,0.2981644665756236,0.29526337863064206
0.3043106546525302,0.30632268487359376,0.3025873644065781,0.3038961286007726,0.30049557977397856
0.31054354607871637,0.312595205438235,0.30881976020700186,0.3102314303781316,0.30632254930264174
0.3173547875712729,0.31943047128377966,0.3156452731642539,0.3171550414830382,0.3127353235180878
0.32471608971671095,0.32679657389692784,0.3230384230475272,0.32463840938025584,0.3197141030824652
0.3325834586921703,0.33464565870759655,0.3309580984743284,0.33263669909095395,0.3272254894635853
0.34089436892786457,0.34291130793148034,0.33934453934996006,0.3410858235835383,0.3352196728181
0.34956535387102927,0.35150643054197456,0.3481166723901672,0.349899915112798,0.34362782827974914
0.3584904382652161,0.3603220782696004,0.3571702305758686,0.35896968959855097,0.35236007153360166
0.3675408966005962,0.3692276480406141,0.36637716401859655,0.3681622211525424,0.3613044021205463
0.376566815089956,0.3780728998187809,0.3755868605410131,0.37732263379030234,0.37032709553828924
0.38540082446249585,0.38669208568671537,0.3846296008048538,0.3862780951724835,0.37927496046201425
0.39386413872745335,0.3949102402804887,0.3933224493870987,0.39484424290508824,0.38797972896457644
0.4017746928719491,0.402551345378741,0.4014774351484453,0.4028338025837477,0.3962645891071761
0.40895677453881674,0.40944771229585764,0.40891145187862027,0.41006673000792476,0.4039525273000168
0.41525118363155855,0.41544961491338267,0.4154569080407022,0.4163808302264597,0.41087578639975525
0.4205247360830202,0.4204340484097743,0.4209718883460069,0.4216415884632051,0.4168854549559154
0.42467793534165854,0.4243115473753361,0.4253485560283543,0.4257499770676493,0.4218600727673765
0.4276498873938896,0.4270302745765624,0.4285187571105389,0.42864729322830225,0.4257122220640098
0.4294199761043136,0.4285770233992294,0.4304562377488768,0.4303165663665246,0.42839236557771765
0.430006331076213,0.4289752529455593,0.4311754356130956,0.4307806244100402,0.42988962317849744
0.4294615808035113,0.42828068009581377,0.4307273149681635,0.43009738601834424,0.43022963973736944
0.4278666911898188,0.42657520688622846,0.4291930690504224,0.4283532509107156,0.4294700808837702
0.4253238035009492,0.42396003785566927,0.42667666027923695,0.42565555735098964,0.42769452800023905
0.42194892503920495,0.4205487646685843,0.4232971220741149,0.42212499113549085,0.4250056083012555
0.41786514681821996,0.4164610187849247,0.4191813637127551,0.41788862829239215,0.42151811555783764
0.41319683256537926,0.4118170779643384,0.41445797495914594,0.4130740463302077,0.4173527042154406
0.4080649990515811,0.4067336081291801,0.4092522835768485,0.4078047045123671,0.4126305314514262
0.40258392459731296,0.4013205583110903,0.4036827173764932,0.40219660708204313,0.4074690241469519
0.39685889492402787,0.3956791140396678,0.3978583805702766,0.3963561369619762,0.4019787887631295
0.3909849218601285,0.3899005510645981,0.39187767143642954,0.3903788776417057,0.396261572251287
0.3850462405839464,0.38406580694834813,0.38582773395622016,0.38434921585362886,0.3904091192853896
0.37911639201291847,0.37824559085475423,0.37978453592741274,0.37834052305449417,0.3845027462346541
0.3732587163850906,0.3725008707946388,0.37381338656250546,0.37241573687327345,0.37861345410450575
0.3675271123750101,0.36688360409672705,0.3679697370278152,0.3666281947415997,0.37280242062768565
0.3619669465709339,0.3614376050653742,0.3623001403455628,0.36102260427788874,0.36712173743698084
0.3566160267694396,0.3561994701194816,0.3568432780642877,0.3556360647680059,0.36161528597201903
0.3515055772601283,0.3511995033916328,0.3516309878200719,0.3504990794035034,0.3563196718843951
0.3466611743604518,0.3464626041960063,0.346689247572648,0.3456365182559403,0.35126516034956734
0.34210361600835837,0.3420090920498466,0.3420390890122089,0.341068507508404,0.34647657319126496
0.33784971073726566,0.33785545552563595,0.33769742496218164,0.33681123184218065,0.34197412311870234
0.3339129795177795,0.334015018733029,0.33367778429669753,0.3328776448303764,0.3377741710989762
0.3303042694419721,0.33049852430576016,0.3299909537070736,0.3292780874536481,0.3338899005274013
0.3270322816727159,0.32731463496543167,0.32664552927280055,0.3260208180759229,0.3303319070313888
0.3241040180089628,0.3244703575302576,0.32364838279302627,0.3231124589402069,0.3271087060124704
0.3215251512511529,0.32197139401880576,0.32100504867286744,0.3205583648951682,0.3242271618768649
0.3193003246176009,0.31982242456792814,0.31872003718871106,0.31836291997149896,0.32169284371760654
0.3174333850114549,0.31802732647016496,0.3167970794435835,0.3165297668400544,0.3195103122962239
0.3159275541544253,0.3165893329123166,0.31523930846408565,0.31506197328435126,0.3176833427628015
0.3147855406272229,0.315511134095501,0.3140493798295638,0.3139621387444636,0.3162150868263211
0.3140095947953032,0.3147949224419589,0.3132295340725141,0.3132324428430458,0.31510817717638434
0.3136015075417289,0.31444238263378477,0.31278160193672877,0.3128746366754981,0.3143647759679988
0.313562552759981,0.31445462636765364,0.31270695250857095,0.31288997661868007,0.3139865682019326
0.3138933727655082,0.3148320710362704,0.31300638333250835,0.3132790995754992,0.313974699947661
0.3145938052655303,0.3155742611631392,0.31367995098296786,0.3140418380306519,0.3143296606516437
0.3156626504014755,0.31667963144225586,0.31472674030967057,0.31517697317255416,0.31505110835018
0.3170973767904768,0.31814521080962255,0.3161445708476513,0.3166819247914209,0.31613763658096944
0.31889376660806157,0.3199662682596292,0.31792963985790673,0.3185523778729547,0.3175864822994139
0.3210455017566966,0.3221359032876133,0.3200761033334618,0.3207818479691223,0.3193931753128555
0.32354369623778123,0.32464458705400395,0.32257559926901463,0.32336119074024405,0.32155113181810346
0.32637638414307035,0.3274796647509499,0.3254167217299964,0.32627806569252343,0.3240511977286927
0.3295279782875582,0.3306248352515653,0.3285844598840503,0.32951637016744795,0.32688115173708343
0.3329787213681371,0.33405963083475515,0.33205962316321663,0.33305566701108624,0.3300251835235674
0.33670415939166853,0.3377589272929267,0.33581828189239754,0.3368706377687967,0.3334633691119605
0.34067467542720276,0.34169252245292886,0.3398312615420884,0.3409306021052006,0.33717117279232534
0.34485512960414294,0.34582482814898424,0.34406373736679474,0.34519915244701627,0.34111901272124534
0.3492046574318373,0.3501147257228576,0.34847498329474397,0.3496339591893874,0.3452719343866089
0.35367668136680586,0.35451563667384045,0.35301833288922535,0.3541868044585504,0.34958944137311504
0.35821918835581446,0.35897585654266084,0.35764140913716164,0.35880389950241837,0.35402553481076227
0.3627753172293865,0.3634391901107523,0.36228667193860237,0.36342653059245766,0.358529009961059
0.36728428325633966,0.36784590876233747,0.3668923161749086,0.36799205982225236,0.36304404921182154
0.3716826428620042,0.37213402665503914,0.3713935288364008,0.3724352804991868,0.3675111344923578
0.3759058708548373,0.37624086279913593,0.3757240820839419,0.3766900936498048,0.3718682789389056
0.37989018850614886,0.38010482433855614,0.37981820323552473,0.38069143594676574,0.376052548988381
0.3835745479244446,0.3836673165437585,0.38361262706255594,0.3843773550510758,0.3800018168272949
0.3869026516006472,0.38687466210441607,0.3870487060251463,0.3876911016182446,0.38365665334523613
0.38982487080339867,0.38967990067330005,0.3900744357171633,0.3905830933017581,0.386962248120171
0.3922999263165487,0.39204434222351453,0.3926462500692298,0.39301260857559406,0.3898702298839122
0.3942962110802477,0.3939387653016048,0.3947304555506495,0.3949490879474852,0.3923402614648672
0.39579266497566434,0.3953441817165773,0.39630420439358555,0.3963729548644376,0.3943412983292876
0.39677915295554145,0.3962521283030869,0.39735594942204516,0.3972759132688137,0.39585242796944475
0.3972563428670015,0.39666448841130714,0.3978853709981602,0.39766072661006535,0.39686324464612427
0.3972351220926123,0.3965928847771905,0.39790281281284373,0.39754052721592054,0.39737375500237637
0.39673562692246167,0.3960577164774048,0.3974283014893317,0.3969377395743349,0.39739384907007397
0.3957859816698499,0.395086932674476,0.3964902509789628,0.39588272279922715,0.3969424032166635
0.3944208546354657,0.39371464387025046,0.39512396480890855,0.3944122454453749,0.3960461033011717
0.39267993600368106,0.3919796684291333,0.39337004814171805,0.3925679012811896,0.39473808643902975
0.3906064311298205,0.38992410061535454,0.3912728299105181,0.39039456057063593,0.3930564989574782
0.38824564478035495,0.3875919693897729,0.38887887655969666,0.38793893150288217,0.39104305844560827
0.3856437111165424,0.38502803781439804,0.3862356568426754,0.3852482842013985,0.38874169213573806
0.38284650347123966,0.38227677372093993,0.38339039490185495,0.38236936817515843,0.38619730519872447
0.37989873936822804,0.3793815051844965,0.3803891288254442,0.3793475351816745,0.38345471353184635
0.3768432810194901,0.37638376039496985,0.37727597544346325,0.376226064375638,0.3805577582451956
0.37372062018935553,0.37332278114174355,0.37409258984889754,0.3730456756588331,0.3775486045469098
0.37056852873801693,0.3702351922118269,0.37087779992598857,0.3698442101016443,0.37446721664020244
0.36742185188367693,0.3671548051113743,0.3676673915394873,0.3666564526058077,0.3713509925893967
0.36431241960193994,0.36411253305745744,0.3644940182831431,0.36351407090130994,0.3682345385398038
0.3612690519205044,0.36113639451855645,0.36138721005049557,0.36044564578342053,0.3651495596421953
0.35831763552535667,0.35825158412349684,0.35837345647852714,0.3574767695385983,0.36212484492603564
0.355481251531627,0.3554805920169665,0.3554763439380469,0.35463019223794007,0.3591863246008994
0.3527803370678082,0.35284335533135147,0.352716727747944,0.35192599858114454,0.3563571803351501
0.350232866172647,0.35035742809131437,0.3501129243455329,0.3493818009617876,0.3536579915590098
0.347854538208153,0.348038158383872,0.3476809110352843,0.34701293720892146,0.3511069034636893
0.3456589644305858,0.34589886390230534,0.345434523536058,0.3448326639354293,0.3487198049115782
0.3436578454770573,0.34395099895367887,0.343385643792721,0.3428523385457271,0.3465105068053081
0.34186113430589465,0.34220430769449656,0.34154437239966845,0.3410815847221182,0.344490913517472
0.34027718059120465,0.34066695974204925,0.3399191815208086,0.3395284376457423,0.3426711817343222
0.33891285375153896,0.3393456654324677,0.33851704542190775,0.3381994663564684,0.341059862523071
0.3377736427347567,0.33824576890229907,0.3373435467062323,0.3370998715667186,0.3396640236206845
0.33686373143631265,0.3373713179050311,0.33640295711713386,0.3362335579709763,0.3384893499011415
0.33618604924744255,0.3367251098849864,0.3356982923963389,0.33560318068959066,0.3375402207529417
0.33574229676299433,0.336308714364944,0.33523134121740694,0.3352101660045428,0.33681976373614747
0.33553294717321014,0.33612247220474206,0.3350026687003816,0.3350547070350215,0.33632988443502776
0.33555722436309715,0.3361654727963644,0.3350115955024737,0.3351357355068103,0.3360712729229244
0.3358130592858599,0.33643551081217143,0.3352561540122485,0.33545087133125934,0.3360433877515367
0.3362970267957197,0.33692902474629693,0.33573302378668796,0.33599635235996916,0.3362444189042459
0.33700426584471216,0.3376410202057657,0.3364374490891082,0.3367669474443425,0.3366712317434774
0.33792838678134834,0.3385649817277026,0.33736314222801134,0.3377558568171536,0.33731929465895505
0.33906137043581125,0.3396927778180648,0.33850217736519345,0.3389546048229933,0.3381825939006808
0.34039346471809884,0.34101456490393534,0.33984488054023,0.3403529311327872,0.3392535399582999
0.3419130855515891,0.3425186969225372,0.34137972280953227,0.34193868773728425,0.34052287081163185
0.34360673004866543,0.34419164826857535,0.3430932245565052,0.3436977501503095,0.3419795583901313
0.3454589108134651,0.3460179586946118,0.3449698801004531,0.3456139522597153,0.3436107255835487
0.3474521210086506,0.3479802093902477,0.3469921125917697,0.3476690550088885,0.3454015820589784
0.34956684020524825,0.35005903971964125,0.34914026968010864,0.34984275941827414,0.3473353878535064
0.35178159089166816,0.35223321382982975,0.351392670415192,0.3521127741977616,0.3493934540992609
0.35407305469835976,0.35447974541858107,0.35372571312134876,0.354454947197737,0.35155519015962217
0.3564162557721992,0.35677408726277743,0.35611405243416716,0.3568434680722611,0.35379820577454524
0.3587848162355384,0.359090389602174,0.3585308512087421,0.35925114671656616,0.3560984754132231
0.36115128529399726,0.36140182817153504,0.3609481095921662,0.36164976831768647,0.35843056984118127
0.36348753942240475,0.36368099869655274,0.36333706929353343,0.36401052136068823,0.3607679569214557
0.3657652463841904,0.3659003702426336,0.3656686862024756,0.3663044899290217,0.3630833699695878
0.3679563809649875,0.3680327852597492,0.36791415934727456,0.36850319651131036,0.36534923775552075
0.370033775657818,0.3700519899089158,0.37004549919620555,0.3705791767549222,0.3675381657800747
0.37197168560609634,0.37193317473083115,0.3720361140031027,0.37250656370552476,0.369623454123182
0.3737463443618853,0.3736535033489944,0.3738613897906949,0.37426165652960525,0.3715796333900828
0.3753364858399302,0.3751926060292221,0.3754992380871394,0.375823447917969,0.37338299749549925
0.3767238084860186,0.3765330157445637,0.37693058596697554,0.3771740855249274,0.3750121105908493
0.37789336017867914,0.37766052693655866,0.378139785376169,0.37829924590458996,0.3764482656049203
0.378833826577867,0.37856446124136667,0.37911492298848565,0.37918840422579486,0.3776758737195479
0.3795377111535188,0.3792378297038921,0.37984801757250547,0.3798349891386372,0.37868276753692404
0.38000140144795985,0.37967738694327874,0.38033509849797703,0.3802364189406802,0.37946040543026666
0.38022512264632474,0.37988357880266005,0.3805761659342669,0.3803940220001058,0.38000397017330656
0.38021278564938177,0.3798603906693274,0.38057503984500557,0.38031285061505143,0.38031236089546827
0.379971742047008,0.3796151084238765,0.38033911049638597,0.3800014026108104,0.3803880831692022
0.3795124623040101,0.3791580075367541,0.37987900745607345,0.3794712686525494,0.3802370471157599
0.37884815589358084,0.37850198800625423,0.379208206736619,0.37873672532463193,0.37986828743715034
0.377994353025051,0.3776621736121296,0.3783425967951172,0.37781429452704446,0.3792936220117239
0.37696846714314586,0.37665549347057525,0.37730002367181203,0.37672228884628794,0.3785272670517387
0.37578935577013967,0.3755002623472134,0.37609983389185747,0.3754803605592824,0.37758542688017005
0.374476894829142,0.3742157738996973,0.37476243119668706,0.3741090691640859,0.37648587532153294
0.37305157865286875,0.3728219182802302,0.3733088600659099,0.3726294791447478,0.3752475437721847
0.37153415475304097,0.37133883261021217,0.37176042566734296,0.3710627963801061,0.37389012850641334
0.3699452993581739,0.3697865899797319,0.3701383566102138,0.36943004845040844,0.3724337269680793
