0.10000000000000002,0.10000000000000002,0.10000000000000002,0.10000000000000002,0.10000000000000002
0.10605357723060446,0.10605368921285481,0.1060527068397366,0.10605580310744595,0.10605378280814727
0.1142431342633015,0.11423928168201951,0.1142715624947453,0.11416955707563667,0.11423653926616686
0.1253054904806217,0.12529095110971894,0.12540570650804037,0.12503669430630113,0.12528422925892554
0.14037553643664905,0.140340462778393,0.14061170980940063,0.13972113125360403,0.1403302463620336
0.16122603587168993,0.16115605040803488,0.16169938456681718,0.15987328776077236,0.1611450995579267
0.19064979688739955,0.19052251540289541,0.19152177475702842,0.1880785060756789,0.1905179901081106
0.2329842900664849,0.23276031439523223,0.23450171969890507,0.22834833785842013,0.23277909724662832
0.29446284123637134,0.29406279206328156,0.29694459394520584,0.2865263708707429,0.2941432739759047
0.3818893152853365,0.38115174419758646,0.3855436733894916,0.3694238015607524,0.3813718589547143
0.4958133495651531,0.49452325164164984,0.5002392596700231,0.479330406220872,0.494981565654201
0.617454641138434,0.6157861112009052,0.6213763866533935,0.6016017003386255,0.6163777075090706
0.7106693175119253,0.7096935710221862,0.7130794581614177,0.7016269013876341,0.7098033042048371
0.755206518265225,0.7557816941167637,0.75627358717164,0.7542716637701894,0.7548806776743671
0.759018618363501,0.7609668309663846,0.759312846193671,0.7637303875211737,0.7591803817989573
0.7377900445735782,0.7406043784903532,0.7377404284150249,0.7456317511391423,0.7382783202427613
0.70348544677557,0.7067502510869809,0.703338884767353,0.7127786634594665,0.7041616963801187
0.6635593118548462,0.6669993935750324,0.6634406872167447,0.673303238723764,0.6643271626062053
0.6222955931757856,0.6257428126616851,0.6222589866625976,0.6319283044223263,0.6230938215546215
0.5820181378350354,0.5853744477940173,0.5820796233493426,0.5912413616881704,0.5828099535281158
0.5439050182097698,0.5471158240927929,0.5440617498769418,0.552573145172193,0.5446693437406784
0.50848236373559,0.5115195497220593,0.5087231099510471,0.5165365428869565,0.5092078650090732
0.47591158776449777,0.47876311009177563,0.4762223192313983,0.4833414449831479,0.4765928597883958
0.44615464299363383,0.4488181681135067,0.4465213586346217,0.4529760610926217,0.44678983497729785
0.41906922650656975,0.42154820194453585,0.41947926777194444,0.4253113818994281,0.4196585738641586
0.39446373266799667,0.39676493147236896,0.39490628802489564,0.40016152072436545,0.39500865036877
0.3721288186812391,0.37426079279929353,0.37259500891814923,0.37731846395011265,0.3726313418829725
0.3518552152168345,0.3538273203914049,0.3523379754204763,0.3565717878959579,0.35231765601553205
0.33344338006142493,0.3352651658211389,0.3339372559882112,0.33771946056592,0.3338681196467909
0.3167083067782914,0.3183891421560703,0.31720922819533826,0.32057334012463345,0.31709767284203216
0.30148147667773595,0.3030303288946656,0.30198653933108005,0.3049615357226288,0.3018376745747438
0.2876111592301635,0.2890364715462196,0.28811842992338393,0.2907289431101725,0.287936236922392
0.2749617941799718,0.27627142754923667,0.2754701441005837,0.2777367544023564,0.27525762821285515
0.26341290039072146,0.26461411551987923,0.2639218669356718,0.26586142824400283,0.2636811947255557
0.25285777882941957,0.2539572431107722,0.2533674538194114,0.25499341365045003,0.25310007127921724
0.24320216718113327,0.24420597620512455,0.2437131083986197,0.24503580126695057,0.24341984007990788
0.23436293560828267,0.2352766424617972,0.23487609839999538,0.23590300172124193,0.23455722856127265
0.22626687137532864,0.2270955192806904,0.2267835572560374,0.22751950506364715,0.22643889472722215
0.21884957468153807,0.2195977301052175,0.21937139425108887,0.2198187474196005,0.21900032285199678
0.2120544729676956,0.21272625737731815,0.21258332089217002,0.21274209430048183,0.21218483713509495
0.2058319523349153,0.20643107147545806,0.20636999258391392,0.2062379403572381,0.20594273216265246
0.20013860009985118,0.20066837010754004,0.200688260046185,0.20026092007659638,0.20023051433526678
0.19493655037022348,0.1953999203217648,0.19550052273456572,0.19477122133825475,0.19501024623036745
0.190192923885826,0.19059249454270685,0.1907741758460622,0.1897339928144763,0.19024898519392314
0.18587935362396965,0.1862173922112314,0.18648114271137337,0.1851188362344563,0.18591830768636147
0.18197158843772906,0.1822500393166985,0.18259748511661775,0.18089937513912793,0.18199391166007267
0.17844916805240132,0.17866965912188693,0.17910308513466805,0.17705289266307192,0.17845529029002385
0.1752951639581002,0.17545900855700727,0.17598139324733103,0.1735600319475591,0.17528547158070848
0.17249598203417849,0.17260417602424888,0.17321923883412027,0.1704045539276653,0.1724708196602088
0.17004122409438457,0.17009443767499927,0.17080670046097013,0.1675731484050762,0.17000089491450246
0.16792360694729508,0.1679221705919168,0.16873703481903732,0.1650552955031697,0.1678683715081137
0.16613893903982177,0.16608282273950695,0.1670066646535495,0.16284317580783225,0.16606901229472018
0.16468615632039874,0.16457494106442871,0.16561522761116937,0.16093162874545877,0.164601702669817
0.16356742065967797,0.1634002607636982,0.16456568965466936,0.15931816006842672,0.16346854659198753
0.16278828604265014,0.1625638605335583,0.16386452858206924,0.1580030007466703,0.1626750298397406
0.16235793984093028,0.1620743906031314,0.16352199527728303,0.15698922114867986,0.1622302576179024
0.16228952882610287,0.16194438257827823,0.1635524626322993,0.15628290619096813,0.16214727591559908
0.16260058221605653,0.16219065258828663,0.1639748746107375,0.1558933992033762,0.16244348856305493
0.16331354693970845,0.16283481191977103,0.16481331060799256,0.1558336246647543,0.16314118471352893
0.1644564533701197,0.16390390214518338,0.16609768294109642,0.156120502774923,0.16426819439030788
0.16606373278175274,0.16543117448291977,0.16786458762841475,0.15677547209743228,0.16585869254807126
0.16817721025712723,0.16745703530584968,0.1701583299401812,0.15782514025168295,0.16795417431829368
0.17084729779387328,0.17003018049059168,0.17303214533335434,0.15930208679378882,0.17060462483063213
0.17413441030555044,0.1732089391454582,0.17654963127125567,0.16124584679154919,0.17386990460105534
0.17811061920653837,0.17706283953639781,0.18078639258894794,0.1637041076709491,0.1778213631406111
0.18286153946147835,0.18167439231921015,0.18583187675364574,0.16673415466917327,0.18254367442853894
0.1884884083136673,0.18714105122660465,0.19179132634606388,0.17040459973074437,0.1881368504286176
0.1951102444251039,0.19357724759395098,0.19878768995913174,0.17479742139673268,0.19471832048568763
0.20286585473131502,0.20111628479091945,0.2069631880044013,0.1800103229411108,0.20242484609860725
0.21191525322457683,0.20991169589305764,0.21647999667699083,0.18615937205262784,0.21141384430338725
0.22243973076964943,0.2201373781395135,0.22751915439659925,0.19338180003831032,0.2218633812892566
0.23463932115669262,0.23198538143932962,0.24027627510065167,0.20183868343990122,0.23396962841777236
0.24872571115952366,0.24565961703433883,0.2549519652900595,0.21171696282240274,0.24793991571019736
0.2649077681797704,0.26136299023723664,0.27173407053151616,0.22322981148243456,0.26397870220293035
0.28336600219005004,0.27927470959019546,0.29076831152481136,0.2366136776288953,0.28226299296434115
0.30421198187657494,0.2995142269302303,0.31211417116308154,0.25211932897813283,0.3029034717684058
0.3274300958658485,0.32208931214095515,0.33568522458820244,0.26999296484674645,0.32588889722388764
0.352803787913482,0.3468295331497403,0.36117893307688104,0.29044223452605566,0.35101566570643694
0.37983807178524026,0.3733142252894656,0.3880109817279422,0.31358169698174615,0.3778133067168722
0.4077040068302864,0.40081559503685865,0.41528127386938946,0.33935469376420857,0.4054894626205862
0.435242494144485,0.4282884577993762,0.4418051168755096,0.3674364892780727,0.432929072514919
0.46106127104586947,0.4544384743730227,0.4662325439408849,0.3971389398246222,0.4587805017952611
0.48372881107202126,0.47788024444719407,0.48724545522469076,0.4273572043541031,0.48163522891073607
0.5020187815636439,0.49735633603906887,0.5037792967237431,0.45661138530600387,0.50026173072954
0.5151211493473028,0.5119498304037821,0.5151934616990963,0.4832193382445315,0.5138162541415636
0.5227448449877868,0.5212166600690605,0.5213342873793209,0.5055804027520829,0.5219559554808261
0.5250898666613871,0.5251997320826745,0.5224847385039874,0.5224794855331724,0.5248262574605063
0.5227241050314754,0.5243399879203395,0.5192399115347656,0.5332935642693488,0.5229502110732486
0.5164254370959123,0.5193343631348893,0.5123621044378858,0.5380299029640551,0.5170765262343302
0.5070394461500936,0.5109924968026702,0.5026560883256642,0.5372114837012962,0.5080371538874712
0.4953775339531676,0.500124422796823,0.4908824928410364,0.5316844990008148,0.4966418647041488
0.48215813385603845,0.48746905900600124,0.4777093391543082,0.5224262946872973,0.48361508185974594
0.4679821535363055,0.47365875132851126,0.46369302989035044,0.5104000860838159,0.46956757034554003
0.45333091372217965,0.4592095309724444,0.4492783947827139,0.49646780504230664,0.4549917386481585
0.43857652863079,0.4445268543773999,0.4348091402150523,0.48135153693780824,0.4402704305199003
0.42399769708714924,0.42991903576433865,0.42054271922960607,0.46562745013577,0.4256919073299033
0.40979663926585125,0.4156133103378896,0.4066660045903153,0.44973772483298613,0.4114664795685865
0.39611492270217835,0.40177164524770614,0.39330985226668713,0.4340102758329543,0.3977423171595924
0.3830471957024678,0.3885048913877564,0.3805617257405845,0.4186801530724957,0.3846193132544661
0.3706525740964886,0.375884761596346,0.368476173576532,0.40390946412879164,0.3721606603041151
0.3589637994398694,0.36395360776317687,0.3570832733305265,0.3898045031589658,0.3604022079940288
0.34799444785541933,0.35273220303607217,0.3463952949601447,0.3764297890851489,0.3493598578899861
0.33774451411448536,0.3422258233768815,0.33641187690053687,0.3638192141962527,0.3390353091702259
0.3282046831712761,0.3324289336408909,0.3271239972729157,0.35198470486246963,0.3294204651367347
0.31935956406482285,0.3233287576939418,0.3185169897487132,0.3409228403551108,0.3205007767595247
0.31119011644707567,0.31490797239266216,0.310572813815226,0.3306198464103,0.3122577565194522
0.30367545662807777,0.30714672325655734,0.303271750299456,0.3210553220901777,0.3046708529318396
0.2967941916681003,0.3000241208767711,0.2965936584054056,0.3122049944397089,0.29771883766207646
0.29052539781951725,0.29351934367570653,0.29051890129593744,0.30404273586535474,0.2913808245443932
0.2848493333869509,0.287612444956335,0.2850290233396669,0.2965420280423827,0.285637013123505
0.27974795514250506,0.2822849398423451,0.2801072429686256,0.2896770142435347,0.28046922795596396
0.2752052909383049,0.27752022996754727,0.27573880990035926,0.2834232485747403,0.2758613080098057
0.2712077082419243,0.27330390980916547,0.2719112635070925,0.2777582244656038,0.2717993872435022
0.2677441082060141,0.269623987603004,0.2686146196681683,0.2726617445612758,0.26827209705481
0.26480606690234054,0.26647104514676256,0.2658415059124863,0.26811617866903503,0.26527071309399364
0.2623879389357923,0.2638383539066558,0.2635872585249519,0.26410664457210997,0.2627892623621105
0.2604869333256318,0.2617219591961675,0.26184999010964455,0.2606211374618697,0.2608246010787078
0.259103166885978,0.26012073937030084,0.2606306314853623,0.2576506267475119,0.25937646908803696
0.25823969598874236,0.25903644260367514,0.25993294739116185,0.25518913350339634,0.2584475222115277
0.25790252321319485,0.2584736995625876,0.2597635209838281,0.25323379733378887,0.258043339611863
0.25810057065745673,0.2584400058296092,0.26013169722015494,0.2517849375703602,0.2581723985953531
0.25884560630118414,0.2589456630010286,0.2610494696609387,0.2508461101110275,0.2588460040435194
0.26015210347740597,0.26000366167851746,0.26253128877444304,0.2504241575213498,0.26007815355096203
0.2620370059914603,0.2616294828799067,0.26459376229224085,0.25052924591271936,0.261885312116849
0.264519362571818,0.2638407865407877,0.26725520955862114,0.25117487722938836,0.26428606174667996
0.2676197842030571,0.2666569467619488,0.27053502234864785,0.25237785953830766,0.26730058160647785
0.27135966688095664,0.270098383545551,0.2744527749662655,0.25415821032111946,0.27094990379762246
0.2757601114388405,0.2741856306841345,0.27902701789316664,0.2565389582234842,0.2752548792960383
0.2808404632318516,0.2789380706691751,0.284273684129798,0.2595457969047248,0.28023477987688267
0.286616390851337,0.2843722624630786,0.2902040392380012,0.2632065304357193,0.285905457889676
0.2930974296046878,0.29049979061543263,0.29682212009769526,0.2675502334281299,0.2922769911115231
0.3002839391074232,0.2973245800307771,0.30412164018782106,0.27260603184219034,0.2993507609612407
0.30816347354460866,0.3048396568139381,0.3120823983276372,0.27840139462321495,0.3071159571020701
0.31670664694148515,0.3130233999397254,0.32066631994491923,0.2849598163756037,0.31554557843614134
0.32586270066109124,0.32183542778172375,0.3298133876329169,0.292297774407012,0.3245921162537187
0.3355551454257136,0.331212399820066,0.33943787455987556,0.30042087029020526,0.33418325996511916
0.3456780403193489,0.34106417914638393,0.3494254589716706,0.30931913055813415,0.34421814687480345
0.35609365029958845,0.3512709717003556,0.3596319303058258,0.31896155886079,0.35456485314805974
0.36663233180664784,0.3616821894313132,0.36988423931899944,0.32929021550547405,0.36505993936054243
0.37709545691382085,0.37211781492129253,0.37998453206867566,0.3402143508641359,0.3755108497886112
0.3872619305257875,0.3823729083081835,0.38971749473227923,0.35160541375966686,0.38570175129830725
0.39689835647507593,0.3922255497314838,0.39886082748944945,0.3632940347181553,0.39540295237460216
0.40577222288147574,0.40144796384614795,0.4071980409683904,0.3750702444963277,0.4043834049501134
0.4136667572884993,0.4098199191827865,0.41453218181294177,0.3866881001164752,0.4124250919493445
0.4203955649486493,0.41714290060849046,0.4206987304201003,0.3978754399504175,0.41933754187422984
0.4258150108310265,0.42325321067886695,0.42557591822552265,0.40834864990700054,0.4249704890092378
0.4298326289468058,0.42803220663384167,0.4290911170500001,0.41783122284745117,0.42922292538506984
0.43241056797120836,0.43141234372161025,0.4312226550988104,0.4260738277498673,0.4320474287671889
0.43356399502547793,0.43337845004811465,0.43199721138578057,0.43287295057943753,0.43344951586998076
0.43335521578588176,0.43396448590853415,0.43148361631211685,0.43808521833076586,0.43348261092323853
0.4318848232604565,0.4332467190704681,0.42978429207858804,0.44163532006197637,0.43223982207125666
0.42928137829891905,0.43133463225619867,0.42702566146871695,0.44351675049138556,0.429843977015249
0.42569099483575973,0.42836094000317165,0.42334869207967085,0.4437859948388628,0.42643730264307794
0.4212678697574506,0.4244718958504211,0.4189004312099371,0.4425518344769173,0.42217184290160364
0.41616639308610565,0.41981873178579204,0.41382703309077395,0.43996195046469777,0.4172013226606283
0.41053510144268546,0.4145507023282755,0.40826846502265984,0.43618893821786603,0.4116747900409465
0.40451245310550393,0.4088098849123039,0.4023548437322377,0.43141739247556377,0.40573207062689404
0.398224221717111,0.40272765498012947,0.3962042065844661,0.42583310425333937,0.3995008673466874
0.39178221621010423,0.3964226136810663,0.38992145231697,0.4196148198760753,0.3930952333258497
0.38528401314832106,0.3899996836754737,0.38359817216004094,0.4129285559284477,0.38661511060726944
0.3788134093182691,0.3835500818726427,0.3773131135429477,0.4059241758647276,0.38014664071167226
0.37244134619559915,0.377151905056792,0.37113305782119016,0.39873379611972914,0.37376299210176933
0.3662271090652732,0.3708711077736202,0.36511393842307743,0.3914715613597137,0.3675254988842919
0.36021965300131115,0.3647626995228061,0.35930206902880646,0.3842343672144289,0.36148495442230844
0.3544589509202425,0.3588720330495887,0.35373538899092966,0.3771031797270042,0.3556829474288063
0.34897729378324377,0.3532360938129318,0.34844466375127825,0.37014468017495766,0.350153164279036
0.34380049976907473,0.3478847313916723,0.34345460153675617,0.3634130381074194,0.3449226094005635
0.33894900880365975,0.3428417969321389,0.33878486490863274,0.35695167797493327,0.3400127164208387
0.3344388524836096,0.3381261676858043,0.33445096787422235,0.3507949538167794,0.3354403374634951
0.3302824984624153,0.33375265141552996,0.3304650573491831,0.34496968289913743,0.3312186078618423
0.32648957393352995,0.32973277112907035,0.3268365827756514,0.33949651489947574,0.3273576897711878
0.323067475899256,0.32607543525384053,0.32357286048416584,0.33439113044789476,0.3238654016961538
0.32002187720906056,0.3227875008390497,0.32067954059233,0.3296652736668831,0.3207477425893446
0.3173571374536179,0.31987423831856715,0.3181609843618835,0.32532762957204864,0.31800931952274347
0.31507662712881834,0.3173397062873538,0.3160205593609446,0.32138456020997797,0.3156536874267339
0.31318297233734027,0.3151870440012183,0.3142608587718135,0.3178407142710722,0.3136836083546616
0.31167822588813193,0.3134186881677399,0.31288384994491286,0.31469952438963983,0.31210123639289894
0.31056396914075074,0.3120365192451635,0.3118909559733812,0.3119636049661988,0.3109082328625901
0.3098413474393014,0.31104194104539795,0.31128307276645417,0.30963506148118625,0.310105814973472
0.30951104058854484,0.3104358960561683,0.3110605229342001,0.30771572015442633,0.3096947396939321
0.3095731686384164,0.3102188176513724,0.3112229468611995,0.3062072845949451,0.3096752233899424
0.31002713236817014,0.3103905193432323,0.31176913075154983,0.30511142388077117,0.3100467968604933
0.310871387422705,0.3109500205513059,0.312696771298273,0.30442979437796963,0.31080809487733096
0.3121031512024956,0.31189530814719346,0.3140021771136669,0.304163995612048,0.3119565793648079
0.3137180425236658,0.3132230334285465,0.31567990831899984,0.3043154587098435,0.313488196100496
0.31570965594666883,0.31492814535266983,0.317722357907001,0.30488526442522274,0.3153969664701419
0.31806907572678167,0.31700346300310206,0.32011928182249527,0.30587388667292725,0.317674518571278
0.3207843387479502,0.31943919355064165,0.3228572892740862,0.3072808569958155,0.32030956600967503
0.323839861670725,0.32222240654293544,0.32591931061807466,0.3091043457132552,0.3232873481915581
0.3272158548214037,0.3253364812652668,0.3292840671127317,0.31134065693424745,0.32658905277874817
0.3308877538147067,0.32876055105741236,0.33292557456487737,0.31398363751094716,0.3301912490394226
0.3348257089634494,0.332468976515293,0.33681272072090584,0.3170240047236909,0.3340653696027374
0.338994181222267,0.3364308878136185,0.34090896318662955,0.32044860436533845,0.33817728675584763
0.3433517003539703,0.34060984395827215,0.34517219935499055,0.3242396201516493,0.34248703664720054
0.3478508444460439,0.3449636622522951,0.3495548606974373,0.3283737670034127,0.3469487489500133
0.35243849790550924,0.34944447299338627,0.35400427921982125,0.33282151429938855,0.35151083883999573
0.35705643583225233,0.3539990506889377,0.3584633625758944,0.33754639968304023,0.35611651075922696
0.3616422650335277,0.3585694623985485,0.3628715956549315,0.3425045076927137,0.36070460806529886
0.36613072585239204,0.3630940553915661,0.36716636092203625,0.34764419787295914,0.3652108189779143
0.3704553259865178,0.3675087804650379,0.3712845393181218,0.3529061709725369,0.36956921835826745
0.37455024090416483,0.3717488158075246,0.37516432150180756,0.35822395596003254,0.3737140896209048
0.37835238021570566,0.37575042258051167,0.37874713012705924,0.36352488197151933,0.3775819359098113
0.3818034911626375,0.37945293204569125,0.38197953256086875,0.3687315664399217,0.381113560008538
0.3848521546642262,0.38280074024999594,0.3848150141806809,0.37376390445028884,0.3842560737314606
0.38745552992971516,0.385745174632642,0.38721548770715436,0.37854148886225597,0.38696469394662947
0.38958072163424745,0.38824610044726204,0.38915243406198263,0.3829863331730239,0.38920419573008996
0.3912056770406932,0.39027315411197433,0.3906076025135562,0.3870257189782744,0.3909499222676497
0.39231956435541987,0.39180652322865817,0.39157323773845654,0.3905949571537775,0.3921882919259517
0.39292263137176564,0.3928372343604469,0.39205184305750357,0.39363984441535804,0.392916789282378
0.39302558810404964,0.39336695362199936,0.3920555267320401,0.3961186182645817,0.3931434720023476
0.39264859280931663,0.39340734551688633,0.39160500724886127,0.3980032613681777,0.3928860631961595
0.3918199438635655,0.3929790671887925,0.39072837132270877,0.39928007357143586,0.392170725066007
0.3905745892877616,0.3921104952664733,0.38945968437006717,0.39994950474491553,0.3910306224886454
0.3889525624970213,0.3908362899777105,0.38783754876075355,0.40002531231816213,0.38950438524583453
0.386997439883253,0.38919589740191535,0.3859036927702051,0.3995331633744461,0.38763456727632295
0.3847548967068962,0.3872320782332418,0.38370165589683985,0.3985088362078757,0.38546618392383836
0.382271416012729,0.38498953347861137,0.38127561703977203,0.39699618858804103,0.3830453872216723
0.37959318386186036,0.3825136773094635,0.3786693933906151,0.3950450520840076,0.3804183178813506
0.37676518518655017,0.3798495874795287,0.37592562148348385,0.39270918887144596,0.37763015315188897
0.37383049922039446,0.37704114619308315,0.3730851186224728,0.39004441578781734,0.37472435351014405
0.37082978214559376,0.3741303701277644,0.37018641317661244,0.3871069659818483,0.37174209884566245
0.3678009171663796,0.37115691785147004,0.36726542583798444,0.38395212602845935,0.36872189640232444
0.364778808140025,0.36815775597404365,0.36435528042687565,0.38063315890006855,0.36569933780814284
0.36179529148285877,0.3651669615674213,0.36148622160922644,0.377200502155823,0.36270698042120764
0.3588791416001897,0.36221563704454673,0.3586856173555692,0.3737012163158371,0.3597743282377246
0.35605614691146115,0.3593319141525227,0.35597802555950614,0.3701786499614567,0.35692788908057205
0.3533492361113043,0.35654102540919097,0.3533853064820643,0.3666722845275918,0.35419128714446085
0.35077863720497987,0.3538654236933111,0.3509267652356135,0.36321772177450257,0.3515854127680168
0.34836205478452315,0.3513249333987594,0.3486193111082853,0.35984677936053333,0.3491285942058927
0.3461148537746999,0.3489369193039462,0.3464776229856852,0.35658766378568557,0.34683677896436405
0.34405024036315296,0.3467164619050658,0.3445143123507462,0.3534651944671842,0.3447237148082744
0.34217943298629044,0.3446765303083414,0.34274007728803874,0.35050105729336933,0.34280112277899694
0.3405118180645216,0.3428281458222094,0.3411638425772615,0.34771407032478946,0.3410788564637551
0.33905508668914974,0.34118053112652447,0.339792882349141,0.34512044816722665,0.33956504334008963
0.33781534969776505,0.3397412413407994,0.3386329229285597,0.34273405483884894,0.33826620531968327
0.3367972295837287,0.3385162745024156,0.3376882244460038,0.3405666376783143,0.33718735667865846
0.33600392852023114,0.33751015994292527,0.3369616406044114,0.33862803702718147,0.3363320784373595
0.33543727249203326,0.33672602386390116,0.33645465668912267,0.33692636813146976,0.33570256899271067
0.33509773216709887,0.33616563211109013,0.3361674065461283,0.33546817302050286,0.3352996714595495
0.3349844217498513,0.33582941077210865,0.3360986698658345,0.33425854111747805,0.3351228787886755
0.3350950776753847,0.3357164458193141,0.3362458517275005,0.33330119809543596,0.3351703183377182
0.3354260196592627,0.3358244636204926,0.33660494700677074,0.3325985630900532,0.3354387182078626
0.33597209733030026,0.3361497947726901,0.33717049293891105,0.33215177488679454,0.3359233583473091
0.3367266264514942,0.33668732439650134,0.33793551386511467,0.3319606881779685,0.3366180101720634
0.33768131956982167,0.3374304327655312,0.33889146295610306,0.3320238414919409,0.3375148692634157
0.3388262168042556,0.33837093093081694,0.3400281664775747,0.332338398981532,0.33860448655004716
0.34014962333856047,0.339498996808835,0.3413337768895352,0.33290006896192575,0.33987570423304897
0.34163806096556404,0.34080311799227886,0.34279474169190643,0.3337030029394109,0.3413156035058027
0.34327624164631176,0.3422700482539245,0.3443957953613122,0.3347396798851899,0.34290947177867975
0.3450470713968926,0.3438847852659706,0.34611998187549897,0.33600078167801173,0.3446407975436757
0.34693169278308367,0.345630577355308,0.34794871509428255,0.3374750669351638,0.3464913010964945
0.34890957377364584,0.34748896705522087,0.3498618835666161,0.33914925181243644,0.34844100896005564
0.35095864957752076,0.3494398786929662,0.3518380050890598,0.3410079076839044,0.3504683789209073
0.35305552230203363,0.351461756181773,0.35385443451338267,0.3430333867782174,0.3525504810227426
0.35517572080504656,0.35353175550697724,0.35588762590290024,0.3452057876808149,0.35466323762928526
0.3572940200309758,0.3556259940990538,0.35791344724496615,0.34750297291560006,0.3567817228064672
0.3593848155585158,0.35771985642450915,0.35990754268828157,0.3499006503892602,0.3588805178931434
0.36142254527163703,0.35978835182622615,0.36184573390474695,0.3523725291253716,0.36093411642591866
0.36338214629397314,0.36180651711115686,0.36370444894840526,0.35489055728988544,0.3629173678292071
0.36523953194797765,0.3637498528849641,0.3654611642011773,0.3574252469553981,0.3648059458051471
0.36697207087232503,0.3655947794843547,0.36709484295498696,0.35994608543048867,0.36657682451087176
0.3685590488750686,0.36731909588295203,0.3685863531368667,0.36242202750196256,0.36820874372307016
0.36998209385158204,0.36890242343908164,0.3699188468092839,0.3648220569688869,0.36968264352306074
0.37122554526456203,0.3703266160331531,0.3710780854306671,0.36711579989557686,0.3709820497392218
0.3722767522267161,0.37157611911686445,0.37205269737082836,0.3692741666792067,0.37209339346557724
0.3731262879505512,0.3726382624407819,0.37283435764724093,0.37126999594172694,0.37300625129254095
0.37376807290778624,0.3735034745775806,0.373417883982594,0.3730786709717486,0.37371349715767893
0.3741994040580989,0.3741654115312146,0.37380124771827855,0.37467867935439086,0.37421136156786866
0.37442089251407096,0.3746209963481116,0.3739855024707288,0.376052088691659,0.3744993989245511
0.3744363165815105,0.3748703713185954,0.37397463733517416,0.37718491580845354,0.3745803683709895
0.37425240090216116,0.37491676868314744,0.3737753646407781,0.37806737316002786,0.3744600376025078
0.37387853519022973,0.3747663094081291,0.3733968545547121,0.37869398368279505,0.3741469221637736
0.37332644768295176,0.374427742333858,0.3728504301395088,0.37906356330666574,0.3736519747481404
0.37260984892956844,0.3739121377018827,0.3721492368089386,0.3791790779968668,0.3729882398832491
0.37174406103718327,0.37323254972794095,0.3713078996080286,0.3790473888266449,0.3721704892143638
0.37074564616451733,0.3724036625900954,0.37034218052742474,0.37867890368266877,0.3712148515453488
0.36963204613432027,0.371441433108097,0.369268646347418,0.37808715747846205,0.37013845008098406
0.3684212427595154,0.3703627417032188,0.3681043554947005,0.3772883441362503,0.3689590571666536
0.3671314460672312,0.3691850611645405,0.36686657027205366,0.3763008232379831,0.36769477446693416
0.36578081524396727,0.3679261505142906,0.3655724987448607,0.3751446224392051,0.3663637441589717
0.3643872149551216,0.36660377903935754,0.3642390686583767,0.37384095387156596,0.3649838944944607
0.3629680078073355,0.36523548347789403,0.36288273409685157,0.37241175924469294,0.36357272111469174
0.3615398821738106,0.36383835951639387,0.36151931422435424,0.37087929458421237,0.36214710385163107
0.3601187134058928,0.3624288872207938,0.3601638623813097,0.36926576183680043,0.36072315744119293
0.35871945559608676,0.36102278881736666,0.3588305630405514,0.36759299118137434,0.3593161136092058
0.3573560605065714,0.35963491635033584,0.3575326536259647,0.3658821749688663,0.3579402313408168
0.3560414199904786,0.35827916614864785,0.35628236792961826,0.36415365185408927,0.35660873177132474
0.35478732816336034,0.3569684166974847,0.3550908977894536,0.3624267378999298,0.3553337539951346
0.35360445968239934,0.3557144863882906,0.3539683697688047,0.360719600196436,0.35412632813282313
0.35250236071767915,0.354528107670772,0.3529238337737193,0.35904916778382256,0.3529963621798666
0.35148944951547706,0.3534189143103825,0.35196526082123314,0.3574310743207553,0.35195263944502664
0.35057302382684075,0.3523954387287201,0.3510995475037606,0.3558796269141293,0.3510028237384647
0.3497592728809151,0.3514651167412196,0.3503325250593903,0.35440779574373554,0.35015346986262
0.34905329200293195,0.35063429738168056,0.3496689713380369,0.35302721950313576,0.3494100373721244
0.34845909839794476,0.3499082558973412,0.3491126243363998,0.3517482221764917,0.3487769059874181
0.3479796470339734,0.34929120839722894,0.3486661963514133,0.35057983723212305,0.3482573914595897
0.3476168459559795,0.3487863270303118,0.34833138816591075,0.3495298359011391,0.3478537610841033
0.3473715707408419,0.34839575495164277,0.34810890302688097,0.3486047567982231,0.3475672484436631
0.347243678160139,0.348120620699496,0.34799846050226574,0.3478099347150959,0.34739806732209877
0.3472320194491824,0.3479610519509839,0.3479988106032368,0.3471495269660047,0.3473454250689398
0.3473344538840162,0.34791618894481313,0.348107748831427,0.34662653618468503,0.34740753600516755
0.3475478636385966,0.34798419815446363,0.3483221330500259,0.3462428289630674,0.3475816357405347
0.34786817112631413,0.3481622870591476,0.3486379032782478,0.34599915018493216,0.3478639975166372
0.34829036021612725,0.34844672108831115,0.34905010566361566,0.34589513334472366,0.3482499518909666
0.3488085028451576,0.3488328440017334,0.34955292198798216,0.3459293075541469,0.34873391122739666
0.34941579261695915,0.34931510310379416,0.35013970610292017,0.3460991023266631,0.3493094005487507
0.3501045869677942,0.3498870807685698,0.35080302865982255,0.3464008515897682,0.3499690963274595
0.350866459392705,0.3505415337630418,0.35153473139249775,0.34682979870109215,0.35070487473130035
0.351692263041346,0.3512704417901909,0.35232599201998316,0.34738010452754053,0.35150787069457595
0.3525722067159478,0.35206506652483477,0.35316740056258183,0.348044860874131,0.35236854894521985
0.3534959439305035,0.352916022178058,0.3540490475069407,0.3488161117049187,0.3532767877835446
0.35445267522719504,0.35381335830011457,0.35496062382372556,0.3496848846642687,0.3542219759822988
0.35543126340597325,0.35474665512089687,0.35589153234748094,0.35064123536356817,0.3551931226703914
0.356420360726158,0.3557051312415895,0.3568310094921314,0.3516743067280032,0.3561789794911753
0.3574085465122218,0.35667776294763665,0.357768255722602,0.35277240538520477,0.3571681737148422
0.35838447297303166,0.3576534138349007,0.358692572663314,0.35392309661313837,0.3581493503640651
0.35933701646257915,0.35862097285700056,0.3595935042309091,0.3551133187478937,0.3591113208183851
0.3602554309101901,0.3595694983459109,0.36046097876519934,0.3563295171933301,0.3600432148345485
0.36112949976739206,0.3604883650658468,0.36128544883061636,0.35755779729703613,0.3609346324953881
0.3619496825899944,0.3613674109677108,0.36205802519683267,0.35878409439757203,0.36177579231361556
0.3627072523219873,0.36219708004979706,0.36277060150045154,0.3599943583562862,0.36255767159666596
0.3633944194856864,0.36296855762519736,0.36341596624833505,0.36117474892355605,0.36327213524197294
0.364004439809971,0.3636738943631425,0.3639878991445442,0.3623118374211359,0.3639120493838085
0.3645317023313798,0.36430611571451843,0.36448124919257263,0.3633928095174016,0.3644713767445312
0.3649717956539894,0.3648593137427052,0.3648919926173854,0.3644056633931564,0.3649452511328749
0.36532155081517304,0.36532871893909996,0.3652172693337362,0.3653393973923458,0.3653300292460891
0.36557906002963,0.36571075027682964,0.3654553974184144,0.36618418135611946,0.3656233187287312
0.36574367142396136,0.36600304250665583,0.36560586578206594,0.3669315062586173,0.365823982270906
0.3658159606797402,0.36620445048158895,0.3656693059396754,0.36757430748185,0.36593211834394845
0.365797681230424,0.36631503106595004,0.365647444410715,0.3681070580436009,0.36594901992625944
0.36569169527062834,0.3663360038980746,0.3655430378104407,0.3685258292637253,0.3658771132272759
0.3655018883096876,0.3662696928971825,0.3653597931017915,0.3688283176425901,0.3657198789438617
0.3652330703210647,0.3661194509064259,0.3651022757515359,0.3690138380450973,0.36548175896224677
0.3648908667024831,0.3658895702281567,0.364775808672993,0.3690832845497476,0.36516805164294586
0.36448160227642973,0.36558518202695384,0.3643863648478007,0.36903906145797444,0.3647847988994895
0.36401218144313746,0.36521214765376997,0.36394045641479567,0.36888498790283336,0.3643386682171118
0.36348996737059996,0.36477694489208246,0.3634450228142297,0.36862618020557486,0.3638368325745089
0.3629226627944563,0.36428655196215365,0.3629073203023661,0.36826891658230887,0.36328685095474905
0.3623181946317297,0.3637483318647396,0.3623348148281104,0.3678204890001531,0.3626965517867837
0.36168460421252097,0.36316991932531323,0.36173507991214104,0.3672890469403866,0.36207392127312055
0.3610299445264741,0.36255911223864823,0.36111570081038874,0.36668343757685345,0.361426998156587
0.360362185486151,0.36192376913444624,0.36048418589504755,0.3660130464624086,0.36076377608105864
0.3596891278432395,0.3612717138078035,0.3598478858614518,0.36528764228051375,0.36009211432499866
0.3590183260672515,0.360610647900349,0.35921392107835054,0.3645172286095469,0.35941965734581616
0.3583570202174425,0.3599480718916015,0.35858911714902786,0.36371190500715794,0.35875376327638014
0.35771207661074284,0.3592912146743263,0.35797994854486287,0.362881739088533,0.35810144126764865
0.3570899369121214,0.3586469716476778,0.3573924900120962,0.3620366506759096,0.35746929737509037
0.3564965751470893,0.3580218510697577,0.3568323753353995,0.36118630855945005,0.35686348854047484
0.3559374620553087,0.357421928266416,0.356304762965318,0.3603400399463039,0.35628968412173345
0.3554175361645581,0.3568528071931627,0.35581430797665425,0.3595067522931429,0.3557530343675328
0.3549411809599906,0.35631958878800507,0.3553651398165283,0.3586948669195666,0.35525814521461935
0.3545122075487354,0.3558268455300264,0.35496084531901306,0.3579122635829392,0.3548090587991066
0.35413384226848293,0.355378601626184,0.35460445650264816,0.35716623505348616,0.3544092391117381
0.35380871875498077,0.3549783182816025,0.3542984427226285,0.3564634506537687,0.3540615622859728
0.353538874061922,0.35462888356105465,0.3540447068161594,0.35580992770970327,0.3537683110809695
0.35332574851248033,0.3543326064161294,0.3538445849527856,0.35521100989145227,0.35353117320400584
0.35317018905010783,0.35409121452881653,0.35369884997720225,0.3546713514923133,0.3533512432038277
0.3530724559429392,0.3539058557033515,0.35360771810627045,0.3541949067932743,0.35322902775349735
0.3530322327773849,0.35377710261994977,0.3535708589111612,0.3537849237820531,0.35316445422454074
0.35304863974877526,0.3537049608427141,0.3535874085765629,0.35344394163092385,0.3531568825299935
0.35312025031709254,0.3536888800460473,0.35365598647887714,0.35317379148102523,0.3532051202790403
0.35324511134113584,0.3537277684862207,0.35377471516183173,0.3529756002264346,0.3533074413374612
0.35342076683252877,0.35382001079455666,0.3539412438089022,0.35284979713402415,0.35346160792350784
0.35364428547988974,0.3539634892035638,0.35415277531575323,0.3527961232703896,0.3536648963860409
0.35391229208187897,0.3541556083352962,0.3544060970515233,0.35281364383073516,0.3539141268091964
0.35422100299499154,0.35439332368067256,0.35469761536473976,0.3529007635725307,0.3542056965644844
0.35456626564794114,0.3546731738784997,0.3550233938382255,0.3530552456452838,0.35453561788681853
0.35494360210018566,0.35499131686317836,0.35537919522859174,0.35327423417332643,0.35489955948601026
0.35534825652946844,0.3553435698909602,0.3557605269416997,0.3535542809878414,0.35529289212120896
0.355775246425067,0.3557254533774475,0.3561626897985769,0.3538913769145736,0.3557107379650222
0.3562194171436628,0.35613223838594804,0.35658082974030536,0.35428098800249586,0.35614802347003216
0.3566754993581916,0.3565589975004257,0.3570099920097346,0.3547180970246516,0.3565995353275144
0.35713816880236093,0.3570006587021062,0.3574451772375173,0.3551972504950593,0.35705997898159125
0.3576021075909073,0.35745206175011196,0.35788139875534863,0.35571261132584914,0.35752403903772645
0.35806206628463677,0.3579080164492341,0.3583137403659982,0.35625801709916816,0.3579864407887065
0.3585129257762277,0.35836336207795766,0.35873741372318974,0.3568270437530127,0.3584420119804584
0.35894975800364,0.3588130271530808,0.35914781441957755,0.3574130742850067,0.3588857438603492
0.3593678844578288,0.35925208862946634,0.3595405758521331,0.35800937187093074,0.3593128504974282
0.3597629314441312,0.359675829579774,0.35991161993422155,0.35860915658477227,0.3597188253417844
0.36013088108443414,0.36007979437367554,0.3602572037541976,0.3592056847045742,0.3600994940017549
0.36046811711051957,0.3604598403820161,0.36057396134160785,0.3597923294044534,0.36045106226442486
0.3607714645963936,0.36081218527010667,0.36085893979260547,0.360362661478815,0.36077015846616733
0.36103822290567217,0.36113344901560585,0.36110962912295186,0.3609105286302421,0.36105386943347983
0.3612661912842608,0.36142068988834514,0.36132398535558824,0.3614301317864755,0.36129976935592595
0.3614536867022687,0.3616714337584002,0.3615004465046738,0.36191609690076004,0.36150594111692175
0.36159955373501174,0.3618836962496939,0.36163794128286075,0.36236354073718424,0.3616709897875629
0.36170316646321016,0.36205599742327144,0.3617358905266701,0.3627681292488086,0.3617940481760968
0.3617644225591775,0.3621873688501838,0.3617942014993979,0.36312612731823707,0.3618747745131603
0.3617837299014959,0.36227735311139214,0.36181325538569103,0.3634344388414004,0.3619133425329177
0.36176198621880323,0.3623259959341131,0.3617938884311992,0.36369063638631827,0.3619104243758041
0.3617005523985439,0.3623338313339484,0.3617373672999924,0.3638929799377888,0.3618671668838268
0.36160122020497193,0.36230186027425954,0.3616453593184235,0.3640404245331409,0.36178516197975863
0.3614661752300332,0.36223152347402904,0.361519898344821,0.364132616889586,0.36166641191404625
0.36129795595025455,0.362124669089712,0.36136334704917566,0.3641698814069398,0.3615132902263829
0.3610994097831672,0.36198351606359075,0.3611783564064124,0.36415319618835273,0.3613284993027109
0.3608736470301136,0.3618106139705885,0.360967823202605,0.36408415994602056,0.3611150254143356
0.3606239935615666,0.36160880020834063,0.3607348463281544,0.3639649508409515,0.3608760921063981
0.36035394305013035,0.3613811553636758,0.3604826825887177,0.3637982784408664,0.3606151127616021
0.3600671094894362,0.36113095755548236,0.36021470270716305,0.36358733006624255,0.36033564310582844
0.35976718065860996,0.36086163650283537,0.3599343481218034,0.363335712832093,0.360041334349424
0.3594578731062053,0.360576728002176,0.3596450891113734,0.36304739268548747,0.35973588757586294
0.35914288913853637,0.3602798294223336,0.35935038469916064,0.362726631691116,0.3594230099023282
0.35882587620878964,0.3599745567451991,0.35905364471053963,0.36237792473588654,0.35910637284833946
0.35851038901823246,0.3596645035965644,0.35875819428257744,0.36200593671594183,0.3587895732621667
0.3581998545616901,0.3593532026292501,0.3584672410535658,0.36161544114322636,0.3584760970731385
0.3578975402780702,0.3590440895418926,0.3581838451959267,0.36121126097128897,0.35816928606318604
0.35760652540426474,0.35874046994377967,0.3579108923990724,0.3607982122983259,0.35787230778454704
0.35732967557791806,0.35844548921051467,0.35765106986009476,0.36038105146562044,0.35758812869339
0.35706962069142745,0.35816210541807164,0.3574068452998127,0.3599644259366452,0.35731949052159667
0.3568287359658683,0.3578930653944914,0.3571804489895221,0.35955282922012305,0.3570688898709476
0.3566091261886519,0.357640883889138,0.35697385874926923,0.35915055999219314,0.3568385609850402
0.35641261304170907,0.35740782582875635,0.35678878786083507,0.3587616854803134,0.3566304616336312
0.3562407254367298,0.3571958916069126,0.35662667582695223,0.3583900090955331,0.35644626203071506
0.35609469276922595,0.35700680533789,0.3564886819014843,0.35803904224031485,0.35628733670035434
0.35597544100258155,0.3568420059966844,0.3563756813122636,0.35771198017555095,0.3561547592017681
0.35588359149549453,0.3567026413622442,0.3562882640978308,0.35741168180160376,0.35604929962614834
0.3558194624899561,0.3565895646802901,0.35622673648032155,0.3571406531925248,0.35597142478077604
0.3557830731809346,0.35650333396369943,0.35619112469810876,0.35690103471819556,0.35592130097999847
0.3557741502920822,0.3564442138513361,0.35618118122256304,0.35669459159393657,0.3558987993663
0.355792137083068,0.3564121799492305,0.3561963932825531,0.35652270770901406,0.35590350368701
0.35583620471271865,0.3564069255801092,0.3562359936173691,0.3563863826022916,0.3559347204522186
0.3559052658773713,0.3564278708675652,0.35629897337304817,0.35628623147292005,0.3559914913964691
0.35599799063526677,0.3564741740788788,0.3563840970482483,0.3562224881344263,0.35607260816024155
0.35611282431521185,0.35654474514509166,0.3564899193836814,0.3561950108399787,0.3561766290967739
0.3562480073911411,0.35663826126802,0.3566148040737088,0.35620329092325803,0.3563018980953123
0.3564015971838472,0.35675318451130444,0.3567569441602665,0.3562464642117553,0.3564465652935453
0.3565714912275305,0.35688778125637693,0.3569143839482597,0.35632332517615867,0.35660860953013696
0.35675545211264376,0.3570401433846591,0.35708504225859133,0.3564323437797823,0.3567858623635254
0.3569511335886995,0.357208211024863,0.3572667368108598,0.3565716849849995,0.3569760334562917
0.35715610768235706,0.3573897966796401,0.35745720950344056,0.35673923085897136,0.35717673709644326
0.35736789255842993,0.3575826105198875,0.35765415233519354,0.3569326051985637,0.3573855195990206
0.35758398082576504,0.3577842866087815,0.35785523369153716,0.35714920056453453,0.35759988730480596
0.3578018679675587,0.357992409792221,0.3580581246992267,0.3573862075785431,0.3578173348688683
0.3580190805578843,0.3582045429690093,0.35826052533994346,0.35764064629437,0.3580353735115441
0.35823320391418895,0.35841825443400493,0.35846019000373275,0.3579093994083658,0.35825155888943827
0.3584419088302724,0.35863114497179577,0.3586549521602521,0.35818924702534316,0.3584635182352359
0.3586429770365764,0.3588408743682493,0.3588427478293278,0.35847690264691423,0.3586689764134311
0.3588343250449731,0.35904518700347354,0.35902163754286676,0.35876905000188364,0.3588657805451443
0.3590140260538228,0.35924193619295497,0.3591898265078389,0.35906238029505866,0.35905192286935944
0.3591803296157286,0.3594291069543512,0.3593456827046693,0.35935362941404525,0.3592255615301836
0.35933167880462563,0.3596048368957342,0.3594877526865039,0.3596396146054366,0.359385039009796
0.3594667246598098,0.35976743494682417,0.3596147748817126,0.35991727011419933,0.3595288979639712
0.3595843377310992,0.35991539768744124,0.35972569024370504,0.3601836812745789,0.3596558942604656
0.35968361660020987,0.36004742306625315,0.3598196501374957,0.3604361165485443,0.3597650070689505
0.35976389330707736,0.36016242134687876,0.35989602140016347,0.36067205702922617,0.35985544590312807
0.35982473566466716,0.360259523166267,0.3599543885610202,0.3608892229618693,0.35992665456962963
0.35986594650014386,0.36033808464062184,0.3599945532555324,0.3610855968828418,0.3599783120326447
0.35988755991253407,0.360397689505485,0.36001653091347735,0.36125944303691043,0.36001033025637347
0.3598898346857658,0.36043814832743126,0.3600205448452035,0.36140932280248717,0.36002284913780486
0.35987324503993356,0.36045949487372186,0.36000701788912276,0.36153410593157115,0.36001622868864785
0.35983846894178273,0.36046197977186833,0.35997656181778614,0.3616329774930721,0.35999103866632903
0.3597863742269784,0.36044606163221554,0.3599299647284179,0.36170544049227865,0.3599480458889098
0.35971800281123195,0.36041239584242496,0.3598681766661733,0.3617513142226166,0.3598881994969457
0.35963455328461247,0.3603618212724055,0.35979229374445937,0.36177072848576747,0.359812614446362
0.3595373621934515,0.36029534515136713,0.35970354103644014,0.3617641138902079,0.3597225535302804
0.3594278843174653,0.36021412639507455,0.35960325451561387,0.3617321885041343,0.3596194082346035
0.35930767224661325,0.3601194576711091,0.35949286232149597,0.3616759411948514,0.3595046787324344
0.35917835555346095,0.3600127464932974,0.35937386561957485,0.36159661203182386,0.3593799533167138
0.3590416198432474,0.3598954956339116,0.359247819313476,0.3614956701640299,0.35924688755950934
0.3588991859463345,0.3597692831344044,0.35911631285244744,0.36137478960384567,0.35910718347105075
0.3587527894971688,0.3596357421830726,0.3589809513596175,0.3612358233597266,0.3589625689127525
0.3586041611211906,0.35949654111192314,0.3588433372867593,0.36108077635917835,0.3588147774970032
0.35845500742713776,0.3593533637460094,0.35870505278025067,0.3609117775929771,0.35866552918329364
0.3583069929776792,0.3592078903174123,0.3585676429212176,0.3607310518926503,0.35851651175611965
0.3581617233869424,0.35906177913365944,0.35843259998109,0.36054089172736165,0.35836936334573516
0.35802072966983367,0.35891664916741045,0.358301348812473,0.36034362937513037,0.3582256561288785
0.35788545394552945,0.3587740637113236,0.35817523347476243,0.3601416097883583,0.3580868813235503
0.3577572365764566,0.3586355152196763,0.35805550517459345,0.35993716443643303,0.3579544355701544
0.35763730480469397,0.3585024114369636,0.35794331158322085,0.35973258637013916,0.3578296087711127
0.3575267629301054,0.3583760628936558,0.357839687576395,0.35953010671494373,0.3577135734425726
0.35742658405866773,0.358257671830755,0.3577455474272434,0.35933187276397155,0.35760737561509176
0.3573376034352972,0.3581483225978678,0.35766167846906,0.3591399278074603,0.3575119273051992
0.3572605133628764,0.3580489735542079,0.35758873623262644,0.3589561928042779,0.357428000566355
0.3571958596979319,0.3579604504882218,0.35752724105161454,0.3587824499730952,0.3573562231159269
0.3571440399032996,0.35788344155924035,0.35747757611955244,0.35862032835621255,0.3572970755241462
0.35710530262888734,0.35781849375357283,0.3574399869725998,0.3584712913878612,0.3572508899413714
0.3570797487830688,0.3577660108375336,0.35741458236376644,0.35833662648090275,0.3572178503311393
0.35706733404908186,0.3577262527808436,0.35740133648603833,0.3582174366309513,0.3571979941681683
0.3570678727928473,0.3576993366154424,0.35740009249397586,0.3581146340247004,0.357191215552494
0.3570810433007155,0.3576852386867667,0.3574105672655833,0.3580289356291928,0.3571972696830582
0.35710639427763674,0.35768379824682406,0.3574323573385102,0.3579608607304587,0.3572157786261915
0.35714335252807755,0.35769472233073896,0.3574649459468702,0.3579107303828611,0.3572462383064223
0.3571912317336374,0.3577175918507611,0.3575077110771409,0.3578786687241325,0.3572880266388503
0.35724924223278887,0.35775186883392796,0.3575599344537547,0.3578646061049914,0.35734041271394634
0.3573165016995631,0.35779690472162745,0.35762081135720164,0.35786828397597037,0.3574025669371314
0.35739204660946383,0.35785194964125083,0.35768946116983547,0.3578892614673025,0.35747357201696117
0.357474844372611,0.3579161625520211,0.35776493853728203,0.35792692359011835,0.35755243468735204
0.3575638060063122,0.3579886221590584,0.3578462450265711,0.35798049097859214,0.35763809804123636
0.357657799212185,0.3580683384819638,0.3579323411560668,0.3580490310829547,0.3577294543455604
0.35775566171689627,0.3581542649568669,0.35802215866718573,0.35813147071244134,0.3578253582009067
0.3578562147307997,0.3582453109442241,0.3581146129039911,0.35822660981538224,0.35792463990350065
0.3579582763755303,0.3583403545089129,0.358208615164263,0.35833313637095965,0.3580261188632242
0.35806067493018806,0.35843825533460527,0.3583030848847696,0.3584496422539439,0.3581286169287674
0.3581622617463259,0.3585378676312564,0.35839696152436623,0.3585746399203656,0.3582309714704318
0.3582619236847194,0.3586380528930471,0.3584892160113742,0.3587065797490202,0.3583320480725485
0.35835859493192823,0.35873769236446995,0.35857886162650243,0.35884386786143363,0.3584307526911276
0.35845126806201943,0.35883569907459106,0.35866496419941307,0.3589848842319788,0.3585260431382951
0.3585390042184573,0.3589310293039749,0.3587466515058537,0.35912800089074404,0.35861693976330106
0.35862094230299046,0.35902269335535686,0.3588231217629917,0.35927160001504105,0.3587025352103537
0.3586963070721869,0.35910976550787305,0.3588936511330337,0.359414091701566,0.3587820031460924
