theta_del,beta,run,rho_final,f_del,num_deleted,iters
0.100000,0.200000,0,0.380439,0.001667,5,611
0.100000,0.200000,1,0.379741,0.001667,5,608
0.100000,0.200000,2,0.378999,0.005333,16,610
0.100000,0.200000,3,0.379484,0.004000,12,592
0.100000,0.200000,4,0.380298,0.002333,7,622
0.100000,0.200000,5,0.380567,0.002000,6,621
0.100000,0.200000,6,0.379971,0.002000,6,613
0.100000,0.200000,7,0.380473,0.001333,4,617
0.100000,0.200000,8,0.379765,0.004000,12,618
0.100000,0.200000,9,0.380380,0.002667,8,620
0.100000,0.200000,10,0.379319,0.004000,12,590
0.100000,0.200000,11,0.381367,0.000667,2,627
0.100000,0.200000,12,0.379800,0.003667,11,612
0.100000,0.200000,13,0.380358,0.001000,3,608
0.100000,0.200000,14,0.380837,0.001333,4,624
0.100000,0.210000,0,0.390762,0.006000,18,530
0.100000,0.210000,1,0.389654,0.008000,24,532
0.100000,0.210000,2,0.389395,0.009000,27,525
0.100000,0.210000,3,0.389793,0.008000,24,522
0.100000,0.210000,4,0.390772,0.005667,17,534
0.100000,0.210000,5,0.390894,0.006333,19,536
0.100000,0.210000,6,0.390561,0.004333,13,527
0.100000,0.210000,7,0.390784,0.005333,16,532
0.100000,0.210000,8,0.390219,0.007333,22,533
0.100000,0.210000,9,0.390780,0.006333,19,533
0.100000,0.210000,10,0.389516,0.008667,26,522
0.100000,0.210000,11,0.392143,0.002333,7,535
0.100000,0.210000,12,0.390104,0.008000,24,531
0.100000,0.210000,13,0.390684,0.005000,15,525
0.100000,0.210000,14,0.391438,0.004000,12,535
0.100000,0.220000,0,0.400030,0.012333,37,476
0.100000,0.220000,1,0.399094,0.013000,39,473
0.100000,0.220000,2,0.398288,0.017333,52,478
0.100000,0.220000,3,0.398769,0.015667,47,474
0.100000,0.220000,4,0.399680,0.014000,42,485
0.100000,0.220000,5,0.400336,0.011667,35,481
0.100000,0.220000,6,0.400223,0.008000,24,470
0.100000,0.220000,7,0.400178,0.010667,32,477
0.100000,0.220000,8,0.398717,0.018000,54,487
0.100000,0.220000,9,0.399699,0.014333,43,484
0.100000,0.220000,10,0.398726,0.015000,45,472
0.100000,0.220000,11,0.401751,0.006667,20,479
0.100000,0.220000,12,0.399248,0.015000,45,476
0.100000,0.220000,13,0.400379,0.008667,26,470
0.100000,0.220000,14,0.400942,0.009000,27,478
0.100000,0.230000,0,0.407750,0.023667,71,442
0.100000,0.230000,1,0.406235,0.027333,82,444
0.100000,0.230000,2,0.405922,0.029000,87,444
0.100000,0.230000,3,0.406917,0.024333,73,436
0.100000,0.230000,4,0.406688,0.029333,88,463
0.100000,0.230000,5,0.407834,0.024333,73,444
0.100000,0.230000,6,0.407560,0.021333,64,438
0.100000,0.230000,7,0.408201,0.020000,60,438
0.100000,0.230000,8,0.406757,0.027333,82,458
0.100000,0.230000,9,0.407516,0.025000,75,456
0.100000,0.230000,10,0.406807,0.024000,72,432
0.100000,0.230000,11,0.410607,0.011667,35,433
0.100000,0.230000,12,0.407177,0.025000,75,441
0.100000,0.230000,13,0.408028,0.020333,61,436
0.100000,0.230000,14,0.409238,0.017000,51,437
0.100000,0.240000,0,0.413487,0.042667,128,430
0.100000,0.240000,1,0.412582,0.042667,128,425
0.100000,0.240000,2,0.411590,0.048333,145,432
0.100000,0.240000,3,0.413255,0.040000,120,420
0.100000,0.240000,4,0.412795,0.045667,137,435
0.100000,0.240000,5,0.413527,0.043667,131,434
0.100000,0.240000,6,0.414001,0.036333,109,420
0.100000,0.240000,7,0.414739,0.034333,103,419
0.100000,0.240000,8,0.412938,0.043667,131,430
0.100000,0.240000,9,0.415004,0.034333,103,421
0.100000,0.240000,10,0.412572,0.042667,128,421
0.100000,0.240000,11,0.417126,0.026667,80,416
0.100000,0.240000,12,0.413505,0.040667,122,423
0.100000,0.240000,13,0.414215,0.037000,111,421
0.100000,0.240000,14,0.416228,0.029333,88,418
0.100000,0.250000,0,0.418831,0.060667,182,417
0.100000,0.250000,1,0.417536,0.062667,188,417
0.100000,0.250000,2,0.417468,0.063333,190,415
0.100000,0.250000,3,0.416726,0.067333,202,419
0.100000,0.250000,4,0.418446,0.062000,186,419
0.100000,0.250000,5,0.418506,0.063333,190,423
0.100000,0.250000,6,0.417687,0.062667,188,416
0.100000,0.250000,7,0.418913,0.058333,175,414
0.100000,0.250000,8,0.418409,0.060667,182,417
0.100000,0.250000,9,0.419807,0.055000,165,412
0.100000,0.250000,10,0.417128,0.064333,193,414
0.100000,0.250000,11,0.421926,0.047667,143,409
0.100000,0.250000,12,0.418184,0.062333,187,416
0.100000,0.250000,13,0.418958,0.058333,175,414
0.100000,0.250000,14,0.421582,0.047667,143,395
0.100000,0.260000,0,0.422984,0.081667,245,411
0.100000,0.260000,1,0.422137,0.081667,245,409
0.100000,0.260000,2,0.420213,0.091000,273,413
0.100000,0.260000,3,0.420144,0.091667,275,416
0.100000,0.260000,4,0.422459,0.084000,252,413
0.100000,0.260000,5,0.422823,0.083667,251,414
0.100000,0.260000,6,0.422060,0.082333,247,409
0.100000,0.260000,7,0.423045,0.079333,238,407
0.100000,0.260000,8,0.422573,0.081333,244,409
0.100000,0.260000,9,0.424268,0.074667,224,403
0.100000,0.260000,10,0.421245,0.085667,257,407
0.100000,0.260000,11,0.426527,0.067000,201,389
0.100000,0.260000,12,0.422035,0.085000,255,412
0.100000,0.260000,13,0.422540,0.082333,247,410
0.100000,0.260000,14,0.425116,0.072333,217,404
0.100000,0.270000,0,0.424680,0.111667,335,412
0.100000,0.270000,1,0.423527,0.113000,339,411
0.100000,0.270000,2,0.420886,0.125000,375,423
0.100000,0.270000,3,0.420686,0.126333,379,424
0.100000,0.270000,4,0.424485,0.112000,336,414
0.100000,0.270000,5,0.425117,0.110667,332,413
0.100000,0.270000,6,0.423618,0.113000,339,410
0.100000,0.270000,7,0.425037,0.108000,324,410
0.100000,0.270000,8,0.422602,0.119000,357,421
0.100000,0.270000,9,0.426632,0.101667,305,402
0.100000,0.270000,10,0.421857,0.120333,361,415
0.100000,0.270000,11,0.427470,0.101000,303,406
0.100000,0.270000,12,0.422656,0.120000,360,423
0.100000,0.270000,13,0.422599,0.119667,359,421
0.100000,0.270000,14,0.426623,0.103667,311,408
0.100000,0.280000,0,0.423744,0.149667,449,426
0.100000,0.280000,1,0.423923,0.145333,436,419
0.100000,0.280000,2,0.420418,0.160667,482,444
0.100000,0.280000,3,0.420743,0.159667,479,444
0.100000,0.280000,4,0.425108,0.143333,430,421
0.100000,0.280000,5,0.425565,0.142667,428,420
0.100000,0.280000,6,0.423388,0.148000,444,420
0.100000,0.280000,7,0.425953,0.138000,414,411
0.100000,0.280000,8,0.421545,0.156667,470,443
0.100000,0.280000,9,0.427438,0.133000,399,407
0.100000,0.280000,10,0.420387,0.160333,481,442
0.100000,0.280000,11,0.429730,0.125333,376,403
0.100000,0.280000,12,0.423554,0.150000,450,425
0.100000,0.280000,13,0.422179,0.155333,466,442
0.100000,0.280000,14,0.427763,0.133333,400,409
0.100000,0.290000,0,0.422314,0.186333,559,448
0.100000,0.290000,1,0.420808,0.188333,565,446
0.100000,0.290000,2,0.418437,0.198333,595,457
0.100000,0.290000,3,0.418231,0.200000,600,462
0.100000,0.290000,4,0.422531,0.185000,555,448
0.100000,0.290000,5,0.424837,0.177000,531,440
0.100000,0.290000,6,0.419728,0.193333,580,450
0.100000,0.290000,7,0.422374,0.184000,552,445
0.100000,0.290000,8,0.419042,0.197000,591,460
0.100000,0.290000,9,0.426022,0.171000,513,421
0.100000,0.290000,10,0.418944,0.197000,591,458
0.100000,0.290000,11,0.427636,0.166000,498,418
0.100000,0.290000,12,0.421692,0.188333,565,449
0.100000,0.290000,13,0.419368,0.197000,591,463
0.100000,0.290000,14,0.425324,0.175000,525,438
0.100000,0.300000,0,0.426100,0.200000,600,424
0.100000,0.300000,1,0.425081,0.200000,600,419
0.100000,0.300000,2,0.425334,0.200000,600,418
0.100000,0.300000,3,0.425390,0.200000,600,419
0.100000,0.300000,4,0.425927,0.200000,600,424
0.100000,0.300000,5,0.426179,0.200000,600,425
0.100000,0.300000,6,0.425265,0.200000,600,420
0.100000,0.300000,7,0.425385,0.200000,600,421
0.100000,0.300000,8,0.425438,0.200000,600,421
0.100000,0.300000,9,0.425979,0.200000,600,425
0.100000,0.300000,10,0.425230,0.200000,600,508
0.100000,0.300000,11,0.426258,0.200000,600,426
0.100000,0.300000,12,0.425887,0.200000,600,422
0.100000,0.300000,13,0.425865,0.200000,600,424
0.100000,0.300000,14,0.426126,0.200000,600,436
0.100000,0.310000,0,0.433170,0.200000,600,400
0.100000,0.310000,1,0.432100,0.200000,600,382
0.100000,0.310000,2,0.432305,0.200000,600,382
0.100000,0.310000,3,0.432407,0.200000,600,383
0.100000,0.310000,4,0.432736,0.200000,600,397
0.100000,0.310000,5,0.433133,0.200000,600,399
0.100000,0.310000,6,0.432316,0.200000,600,384
0.100000,0.310000,7,0.432470,0.200000,600,397
0.100000,0.310000,8,0.432424,0.200000,600,396
0.100000,0.310000,9,0.433043,0.200000,600,400
0.100000,0.310000,10,0.432342,0.200000,600,383
0.100000,0.310000,11,0.433164,0.200000,600,399
0.100000,0.310000,12,0.432972,0.200000,600,398
0.100000,0.310000,13,0.433020,0.200000,600,399
0.100000,0.310000,14,0.433142,0.200000,600,399
0.100000,0.320000,0,0.439714,0.200000,600,365
0.100000,0.320000,1,0.438759,0.200000,600,362
0.100000,0.320000,2,0.439048,0.200000,600,362
0.100000,0.320000,3,0.439248,0.200000,600,364
0.100000,0.320000,4,0.439629,0.200000,600,365
0.100000,0.320000,5,0.439984,0.200000,600,366
0.100000,0.320000,6,0.438963,0.200000,600,362
0.100000,0.320000,7,0.439079,0.200000,600,363
0.100000,0.320000,8,0.439181,0.200000,600,363
0.100000,0.320000,9,0.439749,0.200000,600,366
0.100000,0.320000,10,0.439138,0.200000,600,362
0.100000,0.320000,11,0.439977,0.200000,600,366
0.100000,0.320000,12,0.439673,0.200000,600,364
0.100000,0.320000,13,0.439617,0.200000,600,366
0.100000,0.320000,14,0.439921,0.200000,600,366
0.100000,0.330000,0,0.446339,0.200000,600,337
0.100000,0.330000,1,0.445171,0.200000,600,332
0.100000,0.330000,2,0.445478,0.200000,600,332
0.100000,0.330000,3,0.445444,0.200000,600,332
0.100000,0.330000,4,0.446012,0.200000,600,337
0.100000,0.330000,5,0.446355,0.200000,600,337
0.100000,0.330000,6,0.445472,0.200000,600,336
0.100000,0.330000,7,0.445678,0.200000,600,334
0.100000,0.330000,8,0.445765,0.200000,600,337
0.100000,0.330000,9,0.446303,0.200000,600,338
0.100000,0.330000,10,0.445437,0.200000,600,333
0.100000,0.330000,11,0.446390,0.200000,600,338
0.100000,0.330000,12,0.446130,0.200000,600,336
0.100000,0.330000,13,0.446100,0.200000,600,338
0.100000,0.330000,14,0.446378,0.200000,600,337
0.100000,0.340000,0,0.452473,0.200000,600,322
0.100000,0.340000,1,0.451225,0.200000,600,318
0.100000,0.340000,2,0.451575,0.200000,600,318
0.100000,0.340000,3,0.451648,0.200000,600,319
0.100000,0.340000,4,0.452107,0.200000,600,321
0.100000,0.340000,5,0.452673,0.200000,600,322
0.100000,0.340000,6,0.451546,0.200000,600,319
0.100000,0.340000,7,0.451584,0.200000,600,318
0.100000,0.340000,8,0.451863,0.200000,600,320
0.100000,0.340000,9,0.452324,0.200000,600,323
0.100000,0.340000,10,0.451605,0.200000,600,317
0.100000,0.340000,11,0.452699,0.200000,600,322
0.100000,0.340000,12,0.452267,0.200000,600,320
0.100000,0.340000,13,0.452037,0.200000,600,321
0.100000,0.340000,14,0.452363,0.200000,600,321
0.100000,0.350000,0,0.458381,0.200000,600,296
0.100000,0.350000,1,0.457445,0.200000,600,294
0.100000,0.350000,2,0.457839,0.200000,600,294
0.100000,0.350000,3,0.457587,0.200000,600,294
0.100000,0.350000,4,0.458245,0.200000,600,297
0.100000,0.350000,5,0.458755,0.200000,600,298
0.100000,0.350000,6,0.457697,0.200000,600,294
0.100000,0.350000,7,0.457788,0.200000,600,294
0.100000,0.350000,8,0.457800,0.200000,600,296
0.100000,0.350000,9,0.457987,0.200000,600,295
0.100000,0.350000,10,0.457530,0.200000,600,294
0.100000,0.350000,11,0.458608,0.200000,600,297
0.100000,0.350000,12,0.458383,0.200000,600,297
0.100000,0.350000,13,0.458076,0.200000,600,295
0.100000,0.350000,14,0.458533,0.200000,600,298
0.100000,0.360000,0,0.464457,0.200000,600,286
0.100000,0.360000,1,0.463196,0.200000,600,284
0.100000,0.360000,2,0.463631,0.200000,600,284
0.100000,0.360000,3,0.463666,0.200000,600,284
0.100000,0.360000,4,0.464125,0.200000,600,285
0.100000,0.360000,5,0.464338,0.200000,600,285
0.100000,0.360000,6,0.463529,0.200000,600,283
0.100000,0.360000,7,0.463427,0.200000,600,284
0.100000,0.360000,8,0.463572,0.200000,600,284
0.100000,0.360000,9,0.464169,0.200000,600,286
0.100000,0.360000,10,0.463477,0.200000,600,283
0.100000,0.360000,11,0.464401,0.200000,600,286
0.100000,0.360000,12,0.464136,0.200000,600,285
0.100000,0.360000,13,0.464116,0.200000,600,286
0.100000,0.360000,14,0.464412,0.200000,600,286
0.100000,0.370000,0,0.469988,0.200000,600,276
0.100000,0.370000,1,0.468614,0.200000,600,262
0.100000,0.370000,2,0.468970,0.200000,600,262
0.100000,0.370000,3,0.468908,0.200000,600,262
0.100000,0.370000,4,0.469640,0.200000,600,275
0.100000,0.370000,5,0.470020,0.200000,600,276
0.100000,0.370000,6,0.468977,0.200000,600,263
0.100000,0.370000,7,0.469168,0.200000,600,273
0.100000,0.370000,8,0.469256,0.200000,600,274
0.100000,0.370000,9,0.469904,0.200000,600,276
0.100000,0.370000,10,0.468854,0.200000,600,261
0.100000,0.370000,11,0.470153,0.200000,600,277
0.100000,0.370000,12,0.469783,0.200000,600,274
0.100000,0.370000,13,0.469564,0.200000,600,275
0.100000,0.370000,14,0.470035,0.200000,600,276
0.100000,0.380000,0,0.475446,0.200000,600,255
0.100000,0.380000,1,0.474008,0.200000,600,253
0.100000,0.380000,2,0.473988,0.200000,600,510
0.100000,0.380000,3,0.474303,0.200000,600,262
0.100000,0.380000,4,0.474996,0.200000,600,255
0.100000,0.380000,5,0.475424,0.200000,600,255
0.100000,0.380000,6,0.474110,0.200000,600,253
0.100000,0.380000,7,0.474451,0.200000,600,253
0.100000,0.380000,8,0.474583,0.200000,600,253
0.100000,0.380000,9,0.474890,0.200000,600,254
0.100000,0.380000,10,0.474558,0.200000,600,254
0.100000,0.380000,11,0.475465,0.200000,600,254
0.100000,0.380000,12,0.474811,0.200000,600,254
0.100000,0.380000,13,0.474964,0.200000,600,254
0.100000,0.380000,14,0.475324,0.200000,600,254
0.100000,0.390000,0,0.480446,0.200000,600,247
0.100000,0.390000,1,0.478880,0.200000,600,244
0.100000,0.390000,2,0.479504,0.200000,600,245
0.100000,0.390000,3,0.479483,0.200000,600,245
0.100000,0.390000,4,0.480089,0.200000,600,246
0.100000,0.390000,5,0.480590,0.200000,600,247
0.100000,0.390000,6,0.479201,0.200000,600,245
0.100000,0.390000,7,0.479412,0.200000,600,245
0.100000,0.390000,8,0.479578,0.200000,600,246
0.100000,0.390000,9,0.480110,0.200000,600,247
0.100000,0.390000,10,0.479391,0.200000,600,244
0.100000,0.390000,11,0.480721,0.200000,600,247
0.100000,0.390000,12,0.480058,0.200000,600,246
0.100000,0.390000,13,0.479944,0.200000,600,246
0.100000,0.390000,14,0.480306,0.200000,600,246
0.100000,0.400000,0,0.485323,0.200000,600,239
0.100000,0.400000,1,0.484162,0.200000,600,237
0.100000,0.400000,2,0.484571,0.200000,600,238
0.100000,0.400000,3,0.484386,0.200000,600,237
0.100000,0.400000,4,0.485026,0.200000,600,239
0.100000,0.400000,5,0.485286,0.200000,600,238
0.100000,0.400000,6,0.484200,0.200000,600,511
0.100000,0.400000,7,0.484543,0.200000,600,237
0.100000,0.400000,8,0.484762,0.200000,600,239
0.100000,0.400000,9,0.484850,0.200000,600,236
0.100000,0.400000,10,0.484365,0.200000,600,227
0.100000,0.400000,11,0.485565,0.200000,600,239
0.100000,0.400000,12,0.484975,0.200000,600,237
0.100000,0.400000,13,0.484922,0.200000,600,237
0.100000,0.400000,14,0.485046,0.200000,600,237
0.100000,0.410000,0,0.490332,0.200000,600,221
0.100000,0.410000,1,0.489181,0.200000,600,220
0.100000,0.410000,2,0.489352,0.200000,600,219
0.100000,0.410000,3,0.489383,0.200000,600,221
0.100000,0.410000,4,0.489944,0.200000,600,221
0.100000,0.410000,5,0.490669,0.200000,600,223
0.100000,0.410000,6,0.489268,0.200000,600,220
0.100000,0.410000,7,0.489471,0.200000,600,220
0.100000,0.410000,8,0.489602,0.200000,600,220
0.100000,0.410000,9,0.489819,0.200000,600,220
0.100000,0.410000,10,0.489321,0.200000,600,220
0.100000,0.410000,11,0.490479,0.200000,600,222
0.100000,0.410000,12,0.490160,0.200000,600,221
0.100000,0.410000,13,0.489763,0.200000,600,220
0.100000,0.410000,14,0.490290,0.200000,600,221
0.100000,0.420000,0,0.495071,0.200000,600,216
0.100000,0.420000,1,0.493994,0.200000,600,217
0.100000,0.420000,2,0.494469,0.200000,600,215
0.100000,0.420000,3,0.494000,0.200000,600,511
0.100000,0.420000,4,0.494984,0.200000,600,216
0.100000,0.420000,5,0.495179,0.200000,600,215
0.100000,0.420000,6,0.494135,0.200000,600,214
0.100000,0.420000,7,0.494353,0.200000,600,215
0.100000,0.420000,8,0.494380,0.200000,600,214
0.100000,0.420000,9,0.494799,0.200000,600,216
0.100000,0.420000,10,0.494086,0.200000,600,215
0.100000,0.420000,11,0.495541,0.200000,600,217
0.100000,0.420000,12,0.494916,0.200000,600,216
0.100000,0.420000,13,0.494811,0.200000,600,215
0.100000,0.420000,14,0.495089,0.200000,600,216
0.100000,0.430000,0,0.499821,0.200000,600,211
0.100000,0.430000,1,0.498641,0.200000,600,209
0.100000,0.430000,2,0.499179,0.200000,600,210
0.100000,0.430000,3,0.499094,0.200000,600,209
0.100000,0.430000,4,0.499497,0.200000,600,210
0.100000,0.430000,5,0.500141,0.200000,600,211
0.100000,0.430000,6,0.498976,0.200000,600,209
0.100000,0.430000,7,0.498941,0.200000,600,210
0.100000,0.430000,8,0.499048,0.200000,600,209
0.100000,0.430000,9,0.499539,0.200000,600,210
0.100000,0.430000,10,0.498917,0.200000,600,210
0.100000,0.430000,11,0.499966,0.200000,600,210
0.100000,0.430000,12,0.499659,0.200000,600,210
0.100000,0.430000,13,0.499691,0.200000,600,210
0.100000,0.430000,14,0.499918,0.200000,600,210
0.100000,0.440000,0,0.504651,0.200000,600,206
0.100000,0.440000,1,0.503373,0.200000,600,204
0.100000,0.440000,2,0.503710,0.200000,600,203
0.100000,0.440000,3,0.503661,0.200000,600,204
0.100000,0.440000,4,0.504413,0.200000,600,205
0.100000,0.440000,5,0.504937,0.200000,600,206
0.100000,0.440000,6,0.503842,0.200000,600,207
0.100000,0.440000,7,0.503712,0.200000,600,204
0.100000,0.440000,8,0.503762,0.200000,600,205
0.100000,0.440000,9,0.504465,0.200000,600,206
0.100000,0.440000,10,0.503598,0.200000,600,510
0.100000,0.440000,11,0.504761,0.200000,600,205
0.100000,0.440000,12,0.504484,0.200000,600,205
0.100000,0.440000,13,0.504441,0.200000,600,205
0.100000,0.440000,14,0.504704,0.200000,600,205
0.100000,0.450000,0,0.509137,0.200000,600,201
0.100000,0.450000,1,0.507583,0.200000,600,197
0.100000,0.450000,2,0.507963,0.200000,600,206
0.100000,0.450000,3,0.507741,0.200000,600,189
0.100000,0.450000,4,0.508791,0.200000,600,201
0.100000,0.450000,5,0.509037,0.200000,600,200
0.100000,0.450000,6,0.507955,0.200000,600,200
0.100000,0.450000,7,0.508229,0.200000,600,199
0.100000,0.450000,8,0.508397,0.200000,600,200
0.100000,0.450000,9,0.508930,0.200000,600,200
0.100000,0.450000,10,0.507914,0.200000,600,190
0.100000,0.450000,11,0.509286,0.200000,600,201
0.100000,0.450000,12,0.508569,0.200000,600,199
0.100000,0.450000,13,0.508647,0.200000,600,199
0.100000,0.450000,14,0.508917,0.200000,600,200
0.100000,0.460000,0,0.513066,0.200000,600,185
0.100000,0.460000,1,0.511688,0.200000,600,186
0.100000,0.460000,2,0.511962,0.200000,600,189
0.100000,0.460000,3,0.512160,0.200000,600,185
0.100000,0.460000,4,0.512964,0.200000,600,193
0.100000,0.460000,5,0.513225,0.200000,600,186
0.100000,0.460000,6,0.511732,0.200000,600,198
0.100000,0.460000,7,0.512097,0.200000,600,185
0.100000,0.460000,8,0.512523,0.200000,600,189
0.100000,0.460000,9,0.512708,0.200000,600,192
0.100000,0.460000,10,0.512004,0.200000,600,194
0.100000,0.460000,11,0.513353,0.200000,600,193
0.100000,0.460000,12,0.512845,0.200000,600,200
0.100000,0.460000,13,0.512699,0.200000,600,185
0.100000,0.460000,14,0.512986,0.200000,600,188
0.100000,0.470000,0,0.517028,0.200000,600,182
0.100000,0.470000,1,0.515502,0.200000,600,181
0.100000,0.470000,2,0.515879,0.200000,600,185
0.100000,0.470000,3,0.515832,0.200000,600,181
0.100000,0.470000,4,0.516652,0.200000,600,183
0.100000,0.470000,5,0.517104,0.200000,600,182
0.100000,0.470000,6,0.515928,0.200000,600,200
0.100000,0.470000,7,0.516296,0.200000,600,181
0.100000,0.470000,8,0.516305,0.200000,600,184
0.100000,0.470000,9,0.516579,0.200000,600,182
0.100000,0.470000,10,0.515862,0.200000,600,181
0.100000,0.470000,11,0.517379,0.200000,600,183
0.100000,0.470000,12,0.516673,0.200000,600,189
0.100000,0.470000,13,0.516820,0.200000,600,181
0.100000,0.470000,14,0.517095,0.200000,600,184
0.100000,0.480000,0,0.520811,0.200000,600,178
0.100000,0.480000,1,0.519226,0.200000,600,176
0.100000,0.480000,2,0.519941,0.200000,600,177
0.100000,0.480000,3,0.519712,0.200000,600,177
0.100000,0.480000,4,0.520676,0.200000,600,178
0.100000,0.480000,5,0.520988,0.200000,600,178
0.100000,0.480000,6,0.519643,0.200000,600,218
0.100000,0.480000,7,0.520043,0.200000,600,177
0.100000,0.480000,8,0.520025,0.200000,600,177
0.100000,0.480000,9,0.520429,0.200000,600,177
0.100000,0.480000,10,0.519710,0.200000,600,177
0.100000,0.480000,11,0.521324,0.200000,600,189
0.100000,0.480000,12,0.520687,0.200000,600,185
0.100000,0.480000,13,0.520488,0.200000,600,177
0.100000,0.480000,14,0.520731,0.200000,600,178
0.100000,0.490000,0,0.524688,0.200000,600,174
0.100000,0.490000,1,0.523034,0.200000,600,173
0.100000,0.490000,2,0.523494,0.200000,600,180
0.100000,0.490000,3,0.523583,0.200000,600,173
0.100000,0.490000,4,0.524157,0.200000,600,174
0.100000,0.490000,5,0.524974,0.200000,600,176
0.100000,0.490000,6,0.523336,0.200000,600,196
0.100000,0.490000,7,0.523800,0.200000,600,173
0.100000,0.490000,8,0.524004,0.200000,600,174
0.100000,0.490000,9,0.524145,0.200000,600,174
0.100000,0.490000,10,0.523410,0.200000,600,173
0.100000,0.490000,11,0.525174,0.200000,600,175
0.100000,0.490000,12,0.524011,0.200000,600,189
0.100000,0.490000,13,0.524129,0.200000,600,174
0.100000,0.490000,14,0.524483,0.200000,600,182
0.100000,0.500000,0,0.528169,0.200000,600,170
0.100000,0.500000,1,0.526968,0.200000,600,169
0.100000,0.500000,2,0.527102,0.200000,600,169
0.100000,0.500000,3,0.527045,0.200000,600,169
0.100000,0.500000,4,0.527631,0.200000,600,170
0.100000,0.500000,5,0.528321,0.200000,600,170
0.100000,0.500000,6,0.527195,0.200000,600,203
0.100000,0.500000,7,0.527082,0.200000,600,169
0.100000,0.500000,8,0.527591,0.200000,600,170
0.100000,0.500000,9,0.527952,0.200000,600,170
0.100000,0.500000,10,0.526817,0.200000,600,168
0.100000,0.500000,11,0.528821,0.200000,600,171
0.100000,0.500000,12,0.527715,0.200000,600,180
0.100000,0.500000,13,0.527378,0.200000,600,181
0.100000,0.500000,14,0.528266,0.200000,600,170
0.200000,0.200000,0,0.000000,0.200000,600,512
0.200000,0.200000,1,0.000000,0.200000,600,512
0.200000,0.200000,2,0.000000,0.200000,600,512
0.200000,0.200000,3,0.000000,0.200000,600,512
0.200000,0.200000,4,0.000000,0.200000,600,512
0.200000,0.200000,5,0.000000,0.200000,600,512
0.200000,0.200000,6,0.000000,0.200000,600,512
0.200000,0.200000,7,0.000000,0.200000,600,512
0.200000,0.200000,8,0.000000,0.200000,600,512
0.200000,0.200000,9,0.000000,0.200000,600,512
0.200000,0.200000,10,0.000000,0.200000,600,512
0.200000,0.200000,11,0.000000,0.200000,600,511
0.200000,0.200000,12,0.000000,0.200000,600,512
0.200000,0.200000,13,0.000000,0.200000,600,512
0.200000,0.200000,14,0.000000,0.200000,600,512
0.200000,0.210000,0,0.000000,0.200000,600,515
0.200000,0.210000,1,0.000000,0.200000,600,514
0.200000,0.210000,2,0.000000,0.200000,600,514
0.200000,0.210000,3,0.000000,0.200000,600,513
0.200000,0.210000,4,0.000000,0.200000,600,514
0.200000,0.210000,5,0.000000,0.200000,600,513
0.200000,0.210000,6,0.000000,0.200000,600,513
0.200000,0.210000,7,0.000000,0.200000,600,515
0.200000,0.210000,8,0.000000,0.200000,600,515
0.200000,0.210000,9,0.000000,0.200000,600,513
0.200000,0.210000,10,0.000000,0.200000,600,513
0.200000,0.210000,11,0.000000,0.200000,600,513
0.200000,0.210000,12,0.000000,0.200000,600,513
0.200000,0.210000,13,0.000000,0.200000,600,514
0.200000,0.210000,14,0.000000,0.200000,600,514
0.200000,0.220000,0,0.000000,0.200000,600,515
0.200000,0.220000,1,0.000000,0.200000,600,515
0.200000,0.220000,2,0.000000,0.200000,600,515
0.200000,0.220000,3,0.000000,0.200000,600,515
0.200000,0.220000,4,0.000000,0.200000,600,515
0.200000,0.220000,5,0.000000,0.200000,600,515
0.200000,0.220000,6,0.000000,0.200000,600,515
0.200000,0.220000,7,0.000000,0.200000,600,515
0.200000,0.220000,8,0.000000,0.200000,600,515
0.200000,0.220000,9,0.000000,0.200000,600,515
0.200000,0.220000,10,0.000000,0.200000,600,515
0.200000,0.220000,11,0.000000,0.200000,600,514
0.200000,0.220000,12,0.000000,0.200000,600,516
0.200000,0.220000,13,0.000000,0.200000,600,515
0.200000,0.220000,14,0.000000,0.200000,600,515
0.200000,0.230000,0,0.000000,0.200000,600,520
0.200000,0.230000,1,0.000000,0.200000,600,523
0.200000,0.230000,2,0.000000,0.200000,600,522
0.200000,0.230000,3,0.000000,0.200000,600,522
0.200000,0.230000,4,0.000000,0.200000,600,519
0.200000,0.230000,5,0.000000,0.200000,600,518
0.200000,0.230000,6,0.000000,0.200000,600,521
0.200000,0.230000,7,0.000000,0.200000,600,520
0.200000,0.230000,8,0.000000,0.200000,600,521
0.200000,0.230000,9,0.000000,0.200000,600,518
0.200000,0.230000,10,0.000000,0.200000,600,523
0.200000,0.230000,11,0.000000,0.200000,600,520
0.200000,0.230000,12,0.000000,0.200000,600,524
0.200000,0.230000,13,0.000000,0.200000,600,521
0.200000,0.230000,14,0.000000,0.200000,600,519
0.200000,0.240000,0,0.375093,0.200000,600,954
0.200000,0.240000,1,0.374248,0.200000,600,915
0.200000,0.240000,2,0.374373,0.200000,600,909
0.200000,0.240000,3,0.374359,0.200000,600,910
0.200000,0.240000,4,0.374860,0.200000,600,974
0.200000,0.240000,5,0.375204,0.200000,600,990
0.200000,0.240000,6,0.374534,0.200000,600,946
0.200000,0.240000,7,0.374927,0.200000,600,955
0.200000,0.240000,8,0.374826,0.200000,600,952
0.200000,0.240000,9,0.374944,0.200000,600,957
0.200000,0.240000,10,0.374446,0.200000,600,909
0.200000,0.240000,11,0.374888,0.200000,600,952
0.200000,0.240000,12,0.375040,0.200000,600,952
0.200000,0.240000,13,0.374846,0.200000,600,950
0.200000,0.240000,14,0.375082,0.200000,600,960
0.200000,0.250000,0,0.384612,0.200000,600,769
0.200000,0.250000,1,0.383943,0.200000,600,763
0.200000,0.250000,2,0.384190,0.200000,600,764
0.200000,0.250000,3,0.384233,0.200000,600,763
0.200000,0.250000,4,0.384521,0.200000,600,773
0.200000,0.250000,5,0.384637,0.200000,600,771
0.200000,0.250000,6,0.384398,0.200000,600,769
0.200000,0.250000,7,0.384166,0.200000,600,764
0.200000,0.250000,8,0.384300,0.200000,600,766
0.200000,0.250000,9,0.384424,0.200000,600,765
0.200000,0.250000,10,0.384188,0.200000,600,755
0.200000,0.250000,11,0.384865,0.200000,600,776
0.200000,0.250000,12,0.384549,0.200000,600,768
0.200000,0.250000,13,0.384619,0.200000,600,771
0.200000,0.250000,14,0.384709,0.200000,600,789
0.200000,0.260000,0,0.393847,0.200000,600,662
0.200000,0.260000,1,0.393007,0.200000,600,640
0.200000,0.260000,2,0.393142,0.200000,600,639
0.200000,0.260000,3,0.393317,0.200000,600,639
0.200000,0.260000,4,0.393688,0.200000,600,664
0.200000,0.260000,5,0.393858,0.200000,600,664
0.200000,0.260000,6,0.393221,0.200000,600,656
0.200000,0.260000,7,0.393363,0.200000,600,658
0.200000,0.260000,8,0.393539,0.200000,600,660
0.200000,0.260000,9,0.393827,0.200000,600,664
0.200000,0.260000,10,0.393194,0.200000,600,638
0.200000,0.260000,11,0.393846,0.200000,600,665
0.200000,0.260000,12,0.393843,0.200000,600,662
0.200000,0.260000,13,0.393892,0.200000,600,669
0.200000,0.260000,14,0.394104,0.200000,600,673
0.200000,0.270000,0,0.402312,0.200000,600,574
0.200000,0.270000,1,0.401329,0.200000,600,554
0.200000,0.270000,2,0.401580,0.200000,600,553
0.200000,0.270000,3,0.401653,0.200000,600,554
0.200000,0.270000,4,0.401911,0.200000,600,572
0.200000,0.270000,5,0.402466,0.200000,600,577
0.200000,0.270000,6,0.401391,0.200000,600,553
0.200000,0.270000,7,0.401763,0.200000,600,571
0.200000,0.270000,8,0.401811,0.200000,600,571
0.200000,0.270000,9,0.402065,0.200000,600,573
0.200000,0.270000,10,0.401435,0.200000,600,549
0.200000,0.270000,11,0.402387,0.200000,600,575
0.200000,0.270000,12,0.401787,0.200000,600,555
0.200000,0.270000,13,0.401915,0.200000,600,571
0.200000,0.270000,14,0.401913,0.200000,600,557
0.200000,0.280000,0,0.410056,0.200000,600,497
0.200000,0.280000,1,0.409239,0.200000,600,495
0.200000,0.280000,2,0.409633,0.200000,600,495
0.200000,0.280000,3,0.409476,0.200000,600,508
0.200000,0.280000,4,0.409957,0.200000,600,505
0.200000,0.280000,5,0.410429,0.200000,600,505
0.200000,0.280000,6,0.409100,0.200000,600,493
0.200000,0.280000,7,0.409461,0.200000,600,494
0.200000,0.280000,8,0.409692,0.200000,600,497
0.200000,0.280000,9,0.409622,0.200000,600,495
0.200000,0.280000,10,0.409374,0.200000,600,491
0.200000,0.280000,11,0.410341,0.200000,600,504
0.200000,0.280000,12,0.409839,0.200000,600,496
0.200000,0.280000,13,0.409719,0.200000,600,495
0.200000,0.280000,14,0.410089,0.200000,600,503
0.200000,0.290000,0,0.417726,0.200000,600,453
0.200000,0.290000,1,0.416824,0.200000,600,449
0.200000,0.290000,2,0.417144,0.200000,600,449
0.200000,0.290000,3,0.417263,0.200000,600,449
0.200000,0.290000,4,0.417637,0.200000,600,453
0.200000,0.290000,5,0.417887,0.200000,600,454
0.200000,0.290000,6,0.416973,0.200000,600,450
0.200000,0.290000,7,0.417153,0.200000,600,451
0.200000,0.290000,8,0.417156,0.200000,600,450
0.200000,0.290000,9,0.417327,0.200000,600,450
0.200000,0.290000,10,0.416857,0.200000,600,446
0.200000,0.290000,11,0.418018,0.200000,600,456
0.200000,0.290000,12,0.417486,0.200000,600,450
0.200000,0.290000,13,0.417505,0.200000,600,452
0.200000,0.290000,14,0.418030,0.200000,600,457
0.200000,0.300000,0,0.425383,0.200000,600,418
0.200000,0.300000,1,0.424367,0.200000,600,410
0.200000,0.300000,2,0.424827,0.200000,600,411
0.200000,0.300000,3,0.424775,0.200000,600,411
0.200000,0.300000,4,0.425280,0.200000,600,419
0.200000,0.300000,5,0.425413,0.200000,600,416
0.200000,0.300000,6,0.424920,0.200000,600,415
0.200000,0.300000,7,0.424915,0.200000,600,414
0.200000,0.300000,8,0.424637,0.200000,600,745
0.200000,0.300000,9,0.424930,0.200000,600,414
0.200000,0.300000,10,0.424759,0.200000,600,411
0.200000,0.300000,11,0.425494,0.200000,600,417
0.200000,0.300000,12,0.425291,0.200000,600,415
0.200000,0.300000,13,0.425324,0.200000,600,417
0.200000,0.300000,14,0.425608,0.200000,600,420
0.200000,0.310000,0,0.432567,0.200000,600,383
0.200000,0.310000,1,0.431482,0.200000,600,379
0.200000,0.310000,2,0.431560,0.200000,600,374
0.200000,0.310000,3,0.431576,0.200000,600,508
0.200000,0.310000,4,0.432529,0.200000,600,384
0.200000,0.310000,5,0.432674,0.200000,600,383
0.200000,0.310000,6,0.431834,0.200000,600,379
0.200000,0.310000,7,0.431964,0.200000,600,380
0.200000,0.310000,8,0.432039,0.200000,600,507
0.200000,0.310000,9,0.432680,0.200000,600,384
0.200000,0.310000,10,0.431787,0.200000,600,377
0.200000,0.310000,11,0.432853,0.200000,600,385
0.200000,0.310000,12,0.432634,0.200000,600,383
0.200000,0.310000,13,0.432406,0.200000,600,382
0.200000,0.310000,14,0.432761,0.200000,600,395
0.200000,0.320000,0,0.439200,0.200000,600,362
0.200000,0.320000,1,0.437942,0.200000,600,345
0.200000,0.320000,2,0.438448,0.200000,600,358
0.200000,0.320000,3,0.438436,0.200000,600,347
0.200000,0.320000,4,0.439202,0.200000,600,361
0.200000,0.320000,5,0.439409,0.200000,600,363
0.200000,0.320000,6,0.438377,0.200000,600,359
0.200000,0.320000,7,0.438517,0.200000,600,360
0.200000,0.320000,8,0.438521,0.200000,600,360
0.200000,0.320000,9,0.438773,0.200000,600,360
0.200000,0.320000,10,0.438255,0.200000,600,346
0.200000,0.320000,11,0.439348,0.200000,600,362
0.200000,0.320000,12,0.438733,0.200000,600,359
0.200000,0.320000,13,0.439064,0.200000,600,361
0.200000,0.320000,14,0.439301,0.200000,600,363
0.200000,0.330000,0,0.445172,0.200000,600,330
0.200000,0.330000,1,0.444201,0.200000,600,329
0.200000,0.330000,2,0.444309,0.200000,600,327
0.200000,0.330000,3,0.444560,0.200000,600,328
0.200000,0.330000,4,0.444956,0.200000,600,329
0.200000,0.330000,5,0.445527,0.200000,600,331
0.200000,0.330000,6,0.444304,0.200000,600,328
0.200000,0.330000,7,0.444407,0.200000,600,328
0.200000,0.330000,8,0.444746,0.200000,600,329
0.200000,0.330000,9,0.444766,0.200000,600,508
0.200000,0.330000,10,0.444290,0.200000,600,327
0.200000,0.330000,11,0.445654,0.200000,600,331
0.200000,0.330000,12,0.444796,0.200000,600,329
0.200000,0.330000,13,0.444898,0.200000,600,329
0.200000,0.330000,14,0.445284,0.200000,600,331
0.200000,0.340000,0,0.450887,0.200000,600,303
0.200000,0.340000,1,0.449734,0.200000,600,300
0.200000,0.340000,2,0.450257,0.200000,600,299
0.200000,0.340000,3,0.450087,0.200000,600,300
0.200000,0.340000,4,0.450743,0.200000,600,303
0.200000,0.340000,5,0.451228,0.200000,600,305
0.200000,0.340000,6,0.450171,0.200000,600,301
0.200000,0.340000,7,0.450303,0.200000,600,300
0.200000,0.340000,8,0.450525,0.200000,600,304
0.200000,0.340000,9,0.450496,0.200000,600,300
0.200000,0.340000,10,0.450092,0.200000,600,299
0.200000,0.340000,11,0.451240,0.200000,600,304
0.200000,0.340000,12,0.450522,0.200000,600,300
0.200000,0.340000,13,0.450585,0.200000,600,300
0.200000,0.340000,14,0.451050,0.200000,600,304
0.200000,0.350000,0,0.456615,0.200000,600,290
0.200000,0.350000,1,0.455452,0.200000,600,287
0.200000,0.350000,2,0.455967,0.200000,600,288
0.200000,0.350000,3,0.455782,0.200000,600,287
0.200000,0.350000,4,0.456540,0.200000,600,509
0.200000,0.350000,5,0.456877,0.200000,600,291
0.200000,0.350000,6,0.455907,0.200000,600,289
0.200000,0.350000,7,0.456112,0.200000,600,289
0.200000,0.350000,8,0.456187,0.200000,600,289
0.200000,0.350000,9,0.456332,0.200000,600,290
0.200000,0.350000,10,0.455462,0.200000,600,508
0.200000,0.350000,11,0.456969,0.200000,600,291
0.200000,0.350000,12,0.456362,0.200000,600,288
0.200000,0.350000,13,0.455938,0.200000,600,289
0.200000,0.350000,14,0.456487,0.200000,600,290
0.200000,0.360000,0,0.462216,0.200000,600,267
0.200000,0.360000,1,0.461171,0.200000,600,265
0.200000,0.360000,2,0.461774,0.200000,600,266
0.200000,0.360000,3,0.461087,0.200000,600,509
0.200000,0.360000,4,0.461895,0.200000,600,267
0.200000,0.360000,5,0.462468,0.200000,600,269
0.200000,0.360000,6,0.461505,0.200000,600,266
0.200000,0.360000,7,0.461549,0.200000,600,266
0.200000,0.360000,8,0.461870,0.200000,600,277
0.200000,0.360000,9,0.461965,0.200000,600,267
0.200000,0.360000,10,0.461343,0.200000,600,265
0.200000,0.360000,11,0.462413,0.200000,600,269
0.200000,0.360000,12,0.461757,0.200000,600,266
0.200000,0.360000,13,0.461712,0.200000,600,265
0.200000,0.360000,14,0.461980,0.200000,600,266
0.200000,0.370000,0,0.468027,0.200000,600,509
0.200000,0.370000,1,0.466288,0.200000,600,508
0.200000,0.370000,2,0.467384,0.200000,600,257
0.200000,0.370000,3,0.467540,0.200000,600,258
0.200000,0.370000,4,0.468114,0.200000,600,259
0.200000,0.370000,5,0.468481,0.200000,600,259
0.200000,0.370000,6,0.467298,0.200000,600,256
0.200000,0.370000,7,0.467215,0.200000,600,257
0.200000,0.370000,8,0.467448,0.200000,600,257
0.200000,0.370000,9,0.467416,0.200000,600,257
0.200000,0.370000,10,0.467190,0.200000,600,258
0.200000,0.370000,11,0.468027,0.200000,600,508
0.200000,0.370000,12,0.467664,0.200000,600,257
0.200000,0.370000,13,0.467766,0.200000,600,258
0.200000,0.370000,14,0.468062,0.200000,600,259
0.200000,0.380000,0,0.474014,0.200000,600,251
0.200000,0.380000,1,0.472645,0.200000,600,249
0.200000,0.380000,2,0.473144,0.200000,600,250
0.200000,0.380000,3,0.473132,0.200000,600,249
0.200000,0.380000,4,0.473489,0.200000,600,251
0.200000,0.380000,5,0.473998,0.200000,600,252
0.200000,0.380000,6,0.473016,0.200000,600,250
0.200000,0.380000,7,0.473022,0.200000,600,251
0.200000,0.380000,8,0.473599,0.200000,600,252
0.200000,0.380000,9,0.473266,0.200000,600,250
0.200000,0.380000,10,0.473141,0.200000,600,250
0.200000,0.380000,11,0.473957,0.200000,600,251
0.200000,0.380000,12,0.473559,0.200000,600,251
0.200000,0.380000,13,0.473886,0.200000,600,250
0.200000,0.380000,14,0.473666,0.200000,600,250
0.200000,0.390000,0,0.479828,0.200000,600,245
0.200000,0.390000,1,0.478656,0.200000,600,243
0.200000,0.390000,2,0.479078,0.200000,600,243
0.200000,0.390000,3,0.478963,0.200000,600,243
0.200000,0.390000,4,0.479515,0.200000,600,246
0.200000,0.390000,5,0.479726,0.200000,600,245
0.200000,0.390000,6,0.479062,0.200000,600,244
0.200000,0.390000,7,0.478764,0.200000,600,243
0.200000,0.390000,8,0.478997,0.200000,600,244
0.200000,0.390000,9,0.479118,0.200000,600,244
0.200000,0.390000,10,0.478849,0.200000,600,243
0.200000,0.390000,11,0.479476,0.200000,600,244
0.200000,0.390000,12,0.479640,0.200000,600,245
0.200000,0.390000,13,0.479491,0.200000,600,244
0.200000,0.390000,14,0.479916,0.200000,600,245
0.200000,0.400000,0,0.485519,0.200000,600,239
0.200000,0.400000,1,0.484171,0.200000,600,226
0.200000,0.400000,2,0.484237,0.200000,600,261
0.200000,0.400000,3,0.484449,0.200000,600,226
0.200000,0.400000,4,0.485163,0.200000,600,239
0.200000,0.400000,5,0.485295,0.200000,600,245
0.200000,0.400000,6,0.484353,0.200000,600,226
0.200000,0.400000,7,0.484399,0.200000,600,227
0.200000,0.400000,8,0.484381,0.200000,600,508
0.200000,0.400000,9,0.485176,0.200000,600,239
0.200000,0.400000,10,0.484444,0.200000,600,226
0.200000,0.400000,11,0.485239,0.200000,600,238
0.200000,0.400000,12,0.485203,0.200000,600,237
0.200000,0.400000,13,0.484923,0.200000,600,237
0.200000,0.400000,14,0.485315,0.200000,600,259
0.200000,0.410000,0,0.490335,0.200000,600,221
0.200000,0.410000,1,0.488694,0.200000,600,219
0.200000,0.410000,2,0.489032,0.200000,600,219
0.200000,0.410000,3,0.489113,0.200000,600,219
0.200000,0.410000,4,0.489899,0.200000,600,221
0.200000,0.410000,5,0.490390,0.200000,600,221
0.200000,0.410000,6,0.489285,0.200000,600,219
0.200000,0.410000,7,0.489578,0.200000,600,224
0.200000,0.410000,8,0.489267,0.200000,600,508
0.200000,0.410000,9,0.489869,0.200000,600,220
0.200000,0.410000,10,0.489386,0.200000,600,220
0.200000,0.410000,11,0.490343,0.200000,600,220
0.200000,0.410000,12,0.490026,0.200000,600,220
0.200000,0.410000,13,0.489679,0.200000,600,220
0.200000,0.410000,14,0.490237,0.200000,600,220
0.200000,0.420000,0,0.494531,0.200000,600,215
0.200000,0.420000,1,0.493307,0.200000,600,213
0.200000,0.420000,2,0.493505,0.200000,600,213
0.200000,0.420000,3,0.493733,0.200000,600,213
0.200000,0.420000,4,0.494186,0.200000,600,509
0.200000,0.420000,5,0.494895,0.200000,600,216
0.200000,0.420000,6,0.493398,0.200000,600,214
0.200000,0.420000,7,0.493761,0.200000,600,214
0.200000,0.420000,8,0.494246,0.200000,600,214
0.200000,0.420000,9,0.494495,0.200000,600,215
0.200000,0.420000,10,0.493718,0.200000,600,214
0.200000,0.420000,11,0.495064,0.200000,600,215
0.200000,0.420000,12,0.494221,0.200000,600,214
0.200000,0.420000,13,0.494269,0.200000,600,214
0.200000,0.420000,14,0.494838,0.200000,600,215
0.200000,0.430000,0,0.499098,0.200000,600,208
0.200000,0.430000,1,0.497359,0.200000,600,207
0.200000,0.430000,2,0.497908,0.200000,600,207
0.200000,0.430000,3,0.497744,0.200000,600,207
0.200000,0.430000,4,0.498385,0.200000,600,510
0.200000,0.430000,5,0.498958,0.200000,600,209
0.200000,0.430000,6,0.497733,0.200000,600,218
0.200000,0.430000,7,0.497982,0.200000,600,208
0.200000,0.430000,8,0.498488,0.200000,600,209
0.200000,0.430000,9,0.498526,0.200000,600,208
0.200000,0.430000,10,0.497547,0.200000,600,206
0.200000,0.430000,11,0.499369,0.200000,600,212
0.200000,0.430000,12,0.498277,0.200000,600,207
0.200000,0.430000,13,0.498212,0.200000,600,208
0.200000,0.430000,14,0.498864,0.200000,600,233
0.200000,0.440000,0,0.502477,0.200000,600,201
0.200000,0.440000,1,0.501270,0.200000,600,192
0.200000,0.440000,2,0.501624,0.200000,600,190
0.200000,0.440000,3,0.501982,0.200000,600,192
0.200000,0.440000,4,0.502690,0.200000,600,202
0.200000,0.440000,5,0.503043,0.200000,600,201
0.200000,0.440000,6,0.501880,0.200000,600,239
0.200000,0.440000,7,0.502184,0.200000,600,192
0.200000,0.440000,8,0.502018,0.200000,600,200
0.200000,0.440000,9,0.502212,0.200000,600,509
0.200000,0.440000,10,0.501484,0.200000,600,509
0.200000,0.440000,11,0.503471,0.200000,600,203
0.200000,0.440000,12,0.502233,0.200000,600,194
0.200000,0.440000,13,0.502151,0.200000,600,192
0.200000,0.440000,14,0.503059,0.200000,600,215
0.200000,0.450000,0,0.506687,0.200000,600,188
0.200000,0.450000,1,0.504918,0.200000,600,510
0.200000,0.450000,2,0.505719,0.200000,600,187
0.200000,0.450000,3,0.505038,0.200000,600,511
0.200000,0.450000,4,0.506228,0.200000,600,190
0.200000,0.450000,5,0.507241,0.200000,600,191
0.200000,0.450000,6,0.506054,0.200000,600,194
0.200000,0.450000,7,0.505927,0.200000,600,188
0.200000,0.450000,8,0.505728,0.200000,600,188
0.200000,0.450000,9,0.506260,0.200000,600,192
0.200000,0.450000,10,0.505561,0.200000,600,187
0.200000,0.450000,11,0.507236,0.200000,600,346
0.200000,0.450000,12,0.506211,0.200000,600,197
0.200000,0.450000,13,0.506280,0.200000,600,187
0.200000,0.450000,14,0.506649,0.200000,600,205
0.200000,0.460000,0,0.510554,0.200000,600,184
0.200000,0.460000,1,0.508762,0.200000,600,182
0.200000,0.460000,2,0.509778,0.200000,600,183
0.200000,0.460000,3,0.509450,0.200000,600,182
0.200000,0.460000,4,0.510378,0.200000,600,184
0.200000,0.460000,5,0.510801,0.200000,600,455
0.200000,0.460000,6,0.509298,0.200000,600,202
0.200000,0.460000,7,0.509561,0.200000,600,510
0.200000,0.460000,8,0.509443,0.200000,600,202
0.200000,0.460000,9,0.509962,0.200000,600,183
0.200000,0.460000,10,0.508567,0.200000,600,510
0.200000,0.460000,11,0.511117,0.200000,600,510
0.200000,0.460000,12,0.509768,0.200000,600,510
0.200000,0.460000,13,0.509701,0.200000,600,510
0.200000,0.460000,14,0.510858,0.200000,600,183
0.200000,0.470000,0,0.514081,0.200000,600,183
0.200000,0.470000,1,0.512075,0.200000,600,205
0.200000,0.470000,2,0.512637,0.200000,600,177
0.200000,0.470000,3,0.512845,0.200000,600,178
0.200000,0.470000,4,0.514249,0.200000,600,193
0.200000,0.470000,5,0.514238,0.200000,600,179
0.200000,0.470000,6,0.512942,0.200000,600,198
0.200000,0.470000,7,0.513438,0.200000,600,179
0.200000,0.470000,8,0.513342,0.200000,600,179
0.200000,0.470000,9,0.513752,0.200000,600,178
0.200000,0.470000,10,0.512602,0.200000,600,511
0.200000,0.470000,11,0.514641,0.200000,600,180
0.200000,0.470000,12,0.513574,0.200000,600,201
0.200000,0.470000,13,0.513337,0.200000,600,177
0.200000,0.470000,14,0.514388,0.200000,600,179
0.200000,0.480000,0,0.517138,0.200000,600,508
0.200000,0.480000,1,0.516119,0.200000,600,172
0.200000,0.480000,2,0.516950,0.200000,600,180
0.200000,0.480000,3,0.516784,0.200000,600,172
0.200000,0.480000,4,0.517520,0.200000,600,175
0.200000,0.480000,5,0.517409,0.200000,600,173
0.200000,0.480000,6,0.516816,0.200000,600,193
0.200000,0.480000,7,0.516692,0.200000,600,172
0.200000,0.480000,8,0.517189,0.200000,600,174
0.200000,0.480000,9,0.517192,0.200000,600,174
0.200000,0.480000,10,0.516587,0.200000,600,171
0.200000,0.480000,11,0.517658,0.200000,600,510
0.200000,0.480000,12,0.517226,0.200000,600,510
0.200000,0.480000,13,0.517408,0.200000,600,195
0.200000,0.480000,14,0.518012,0.200000,600,198
0.200000,0.490000,0,0.520999,0.200000,600,169
0.200000,0.490000,1,0.519941,0.200000,600,160
0.200000,0.490000,2,0.519602,0.200000,600,511
0.200000,0.490000,3,0.519738,0.200000,600,164
0.200000,0.490000,4,0.521185,0.200000,600,169
0.200000,0.490000,5,0.521466,0.200000,600,510
0.200000,0.490000,6,0.520089,0.200000,600,234
0.200000,0.490000,7,0.520409,0.200000,600,161
0.200000,0.490000,8,0.520393,0.200000,600,162
0.200000,0.490000,9,0.520754,0.200000,600,510
0.200000,0.490000,10,0.519965,0.200000,600,168
0.200000,0.490000,11,0.521841,0.200000,600,207
0.200000,0.490000,12,0.520432,0.200000,600,189
0.200000,0.490000,13,0.520670,0.200000,600,170
0.200000,0.490000,14,0.521853,0.200000,600,171
0.200000,0.500000,0,0.524679,0.200000,600,158
0.200000,0.500000,1,0.522472,0.200000,600,159
0.200000,0.500000,2,0.523562,0.200000,600,180
0.200000,0.500000,3,0.522517,0.200000,600,511
0.200000,0.500000,4,0.524765,0.200000,600,184
0.200000,0.500000,5,0.524606,0.200000,600,510
0.200000,0.500000,6,0.523292,0.200000,600,188
0.200000,0.500000,7,0.523401,0.200000,600,176
0.200000,0.500000,8,0.523763,0.200000,600,509
0.200000,0.500000,9,0.524175,0.200000,600,165
0.200000,0.500000,10,0.523619,0.200000,600,173
0.200000,0.500000,11,0.524901,0.200000,600,511
0.200000,0.500000,12,0.524077,0.200000,600,180
0.200000,0.500000,13,0.524010,0.200000,600,195
0.200000,0.500000,14,0.525160,0.200000,600,161
0.300000,0.200000,0,0.000000,0.200000,600,513
0.300000,0.200000,1,0.000000,0.200000,600,512
0.300000,0.200000,2,0.000000,0.200000,600,513
0.300000,0.200000,3,0.000000,0.200000,600,513
0.300000,0.200000,4,0.000000,0.200000,600,513
0.300000,0.200000,5,0.000000,0.200000,600,512
0.300000,0.200000,6,0.000000,0.200000,600,513
0.300000,0.200000,7,0.000000,0.200000,600,513
0.300000,0.200000,8,0.000000,0.200000,600,514
0.300000,0.200000,9,0.000000,0.200000,600,512
0.300000,0.200000,10,0.000000,0.200000,600,512
0.300000,0.200000,11,0.000000,0.200000,600,512
0.300000,0.200000,12,0.000000,0.200000,600,513
0.300000,0.200000,13,0.000000,0.200000,600,512
0.300000,0.200000,14,0.000000,0.200000,600,513
0.300000,0.210000,0,0.000000,0.200000,600,513
0.300000,0.210000,1,0.000000,0.200000,600,514
0.300000,0.210000,2,0.000000,0.200000,600,515
0.300000,0.210000,3,0.000000,0.200000,600,513
0.300000,0.210000,4,0.000000,0.200000,600,513
0.300000,0.210000,5,0.000000,0.200000,600,514
0.300000,0.210000,6,0.000000,0.200000,600,513
0.300000,0.210000,7,0.000000,0.200000,600,513
0.300000,0.210000,8,0.000000,0.200000,600,514
0.300000,0.210000,9,0.000000,0.200000,600,513
0.300000,0.210000,10,0.000000,0.200000,600,513
0.300000,0.210000,11,0.000000,0.200000,600,513
0.300000,0.210000,12,0.000000,0.200000,600,514
0.300000,0.210000,13,0.000000,0.200000,600,513
0.300000,0.210000,14,0.000000,0.200000,600,513
0.300000,0.220000,0,0.000000,0.200000,600,519
0.300000,0.220000,1,0.000000,0.200000,600,518
0.300000,0.220000,2,0.000000,0.200000,600,518
0.300000,0.220000,3,0.000000,0.200000,600,517
0.300000,0.220000,4,0.000000,0.200000,600,516
0.300000,0.220000,5,0.000000,0.200000,600,516
0.300000,0.220000,6,0.000000,0.200000,600,518
0.300000,0.220000,7,0.000000,0.200000,600,517
0.300000,0.220000,8,0.000000,0.200000,600,517
0.300000,0.220000,9,0.000000,0.200000,600,518
0.300000,0.220000,10,0.000000,0.200000,600,518
0.300000,0.220000,11,0.000000,0.200000,600,516
0.300000,0.220000,12,0.000000,0.200000,600,517
0.300000,0.220000,13,0.000000,0.200000,600,517
0.300000,0.220000,14,0.000000,0.200000,600,517
0.300000,0.230000,0,0.000000,0.200000,600,527
0.300000,0.230000,1,0.000000,0.200000,600,524
0.300000,0.230000,2,0.000000,0.200000,600,525
0.300000,0.230000,3,0.000000,0.200000,600,536
0.300000,0.230000,4,0.000000,0.200000,600,523
0.300000,0.230000,5,0.000000,0.200000,600,521
0.300000,0.230000,6,0.000000,0.200000,600,527
0.300000,0.230000,7,0.000000,0.200000,600,528
0.300000,0.230000,8,0.000000,0.200000,600,524
0.300000,0.230000,9,0.000000,0.200000,600,526
0.300000,0.230000,10,0.000000,0.200000,600,548
0.300000,0.230000,11,0.000000,0.200000,600,522
0.300000,0.230000,12,0.000000,0.200000,600,523
0.300000,0.230000,13,0.000000,0.200000,600,529
0.300000,0.230000,14,0.000000,0.200000,600,524
0.300000,0.240000,0,0.374913,0.200000,600,939
0.300000,0.240000,1,0.374211,0.200000,600,912
0.300000,0.240000,2,0.374361,0.200000,600,909
0.300000,0.240000,3,0.374506,0.200000,600,911
0.300000,0.240000,4,0.374689,0.200000,600,949
0.300000,0.240000,5,0.374936,0.200000,600,955
0.300000,0.240000,6,0.374313,0.200000,600,913
0.300000,0.240000,7,0.374640,0.200000,600,938
0.300000,0.240000,8,0.374637,0.200000,600,944
0.300000,0.240000,9,0.374715,0.200000,600,916
0.300000,0.240000,10,0.374634,0.200000,600,914
0.300000,0.240000,11,0.375131,0.200000,600,957
0.300000,0.240000,12,0.374983,0.200000,600,949
0.300000,0.240000,13,0.374886,0.200000,600,948
0.300000,0.240000,14,0.374908,0.200000,600,952
0.300000,0.250000,0,0.384900,0.200000,600,788
0.300000,0.250000,1,0.383709,0.200000,600,751
0.300000,0.250000,2,0.383719,0.200000,600,730
0.300000,0.250000,3,0.384076,0.200000,600,734
0.300000,0.250000,4,0.384783,0.200000,600,799
0.300000,0.250000,5,0.384772,0.200000,600,774
0.300000,0.250000,6,0.383918,0.200000,600,754
0.300000,0.250000,7,0.384265,0.200000,600,764
0.300000,0.250000,8,0.384518,0.200000,600,770
0.300000,0.250000,9,0.384764,0.200000,600,789
0.300000,0.250000,10,0.384284,0.200000,600,759
0.300000,0.250000,11,0.384796,0.200000,600,773
0.300000,0.250000,12,0.384684,0.200000,600,769
0.300000,0.250000,13,0.384604,0.200000,600,769
0.300000,0.250000,14,0.384854,0.200000,600,789
0.300000,0.260000,0,0.393551,0.200000,600,641
0.300000,0.260000,1,0.392350,0.200000,600,622
0.300000,0.260000,2,0.392559,0.200000,600,607
0.300000,0.260000,3,0.392582,0.200000,600,607
0.300000,0.260000,4,0.393416,0.200000,600,656
0.300000,0.260000,5,0.393463,0.200000,600,640
0.300000,0.260000,6,0.392849,0.200000,600,634
0.300000,0.260000,7,0.392688,0.200000,600,625
0.300000,0.260000,8,0.393061,0.200000,600,638
0.300000,0.260000,9,0.393170,0.200000,600,636
0.300000,0.260000,10,0.392632,0.200000,600,607
0.300000,0.260000,11,0.393576,0.200000,600,644
0.300000,0.260000,12,0.393429,0.200000,600,641
0.300000,0.260000,13,0.393273,0.200000,600,640
0.300000,0.260000,14,0.393214,0.200000,600,631
0.300000,0.270000,0,0.401442,0.200000,600,544
0.300000,0.270000,1,0.400759,0.200000,600,543
0.300000,0.270000,2,0.400924,0.200000,600,540
0.300000,0.270000,3,0.400888,0.200000,600,540
0.300000,0.270000,4,0.401493,0.200000,600,554
0.300000,0.270000,5,0.401818,0.200000,600,555
0.300000,0.270000,6,0.400739,0.200000,600,539
0.300000,0.270000,7,0.401083,0.200000,600,543
0.300000,0.270000,8,0.401042,0.200000,600,542
0.300000,0.270000,9,0.401405,0.200000,600,548
0.300000,0.270000,10,0.400684,0.200000,600,524
0.300000,0.270000,11,0.401720,0.200000,600,553
0.300000,0.270000,12,0.401188,0.200000,600,542
0.300000,0.270000,13,0.401284,0.200000,600,544
0.300000,0.270000,14,0.401561,0.200000,600,551
0.300000,0.280000,0,0.409492,0.200000,600,491
0.300000,0.280000,1,0.408483,0.200000,600,473
0.300000,0.280000,2,0.408657,0.200000,600,507
0.300000,0.280000,3,0.408885,0.200000,600,474
0.300000,0.280000,4,0.409299,0.200000,600,493
0.300000,0.280000,5,0.409895,0.200000,600,496
0.300000,0.280000,6,0.408635,0.200000,600,474
0.300000,0.280000,7,0.409030,0.200000,600,491
0.300000,0.280000,8,0.409171,0.200000,600,494
0.300000,0.280000,9,0.409021,0.200000,600,475
0.300000,0.280000,10,0.408729,0.200000,600,472
0.300000,0.280000,11,0.409607,0.200000,600,493
0.300000,0.280000,12,0.409459,0.200000,600,492
0.300000,0.280000,13,0.409114,0.200000,600,476
0.300000,0.280000,14,0.409436,0.200000,600,493
0.300000,0.290000,0,0.417553,0.200000,600,506
0.300000,0.290000,1,0.416258,0.200000,600,432
0.300000,0.290000,2,0.416990,0.200000,600,447
0.300000,0.290000,3,0.417029,0.200000,600,447
0.300000,0.290000,4,0.417368,0.200000,600,451
0.300000,0.290000,5,0.417561,0.200000,600,451
0.300000,0.290000,6,0.416823,0.200000,600,448
0.300000,0.290000,7,0.416814,0.200000,600,434
0.300000,0.290000,8,0.416986,0.200000,600,448
0.300000,0.290000,9,0.417267,0.200000,600,450
0.300000,0.290000,10,0.416602,0.200000,600,432
0.300000,0.290000,11,0.417706,0.200000,600,451
0.300000,0.290000,12,0.417452,0.200000,600,450
0.300000,0.290000,13,0.417216,0.200000,600,448
0.300000,0.290000,14,0.417530,0.200000,600,450
0.300000,0.300000,0,0.425474,0.200000,600,417
0.300000,0.300000,1,0.424515,0.200000,600,412
0.300000,0.300000,2,0.424764,0.200000,600,411
0.300000,0.300000,3,0.424763,0.200000,600,410
0.300000,0.300000,4,0.425097,0.200000,600,413
0.300000,0.300000,5,0.425380,0.200000,600,414
0.300000,0.300000,6,0.424679,0.200000,600,410
0.300000,0.300000,7,0.424403,0.200000,600,410
0.300000,0.300000,8,0.424813,0.200000,600,412
0.300000,0.300000,9,0.425143,0.200000,600,415
0.300000,0.300000,10,0.424539,0.200000,600,506
0.300000,0.300000,11,0.425255,0.200000,600,413
0.300000,0.300000,12,0.425164,0.200000,600,507
0.300000,0.300000,13,0.425310,0.200000,600,415
0.300000,0.300000,14,0.425459,0.200000,600,418
0.300000,0.310000,0,0.432644,0.200000,600,382
0.300000,0.310000,1,0.431373,0.200000,600,376
0.300000,0.310000,2,0.431749,0.200000,600,377
0.300000,0.310000,3,0.431894,0.200000,600,378
0.300000,0.310000,4,0.432243,0.200000,600,382
0.300000,0.310000,5,0.432535,0.200000,600,382
0.300000,0.310000,6,0.431762,0.200000,600,379
0.300000,0.310000,7,0.431759,0.200000,600,378
0.300000,0.310000,8,0.432137,0.200000,600,382
0.300000,0.310000,9,0.432390,0.200000,600,383
0.300000,0.310000,10,0.431559,0.200000,600,507
0.300000,0.310000,11,0.432823,0.200000,600,383
0.300000,0.310000,12,0.432236,0.200000,600,380
0.300000,0.310000,13,0.432521,0.200000,600,382
0.300000,0.310000,14,0.432826,0.200000,600,383
0.300000,0.320000,0,0.438946,0.200000,600,360
0.300000,0.320000,1,0.437787,0.200000,600,344
0.300000,0.320000,2,0.438156,0.200000,600,345
0.300000,0.320000,3,0.438040,0.200000,600,345
0.300000,0.320000,4,0.438330,0.200000,600,507
0.300000,0.320000,5,0.439076,0.200000,600,360
0.300000,0.320000,6,0.438104,0.200000,600,346
0.300000,0.320000,7,0.438405,0.200000,600,358
0.300000,0.320000,8,0.438381,0.200000,600,358
0.300000,0.320000,9,0.438569,0.200000,600,347
0.300000,0.320000,10,0.437760,0.200000,600,508
0.300000,0.320000,11,0.439145,0.200000,600,361
0.300000,0.320000,12,0.438533,0.200000,600,347
0.300000,0.320000,13,0.438661,0.200000,600,360
0.300000,0.320000,14,0.439021,0.200000,600,361
0.300000,0.330000,0,0.444591,0.200000,600,326
0.300000,0.330000,1,0.443539,0.200000,600,325
0.300000,0.330000,2,0.443968,0.200000,600,326
0.300000,0.330000,3,0.443715,0.200000,600,325
0.300000,0.330000,4,0.444696,0.200000,600,330
0.300000,0.330000,5,0.444800,0.200000,600,328
0.300000,0.330000,6,0.443814,0.200000,600,326
0.300000,0.330000,7,0.444293,0.200000,600,327
0.300000,0.330000,8,0.444488,0.200000,600,328
0.300000,0.330000,9,0.444589,0.200000,600,329
0.300000,0.330000,10,0.443825,0.200000,600,324
0.300000,0.330000,11,0.445131,0.200000,600,330
0.300000,0.330000,12,0.444374,0.200000,600,327
0.300000,0.330000,13,0.444496,0.200000,600,328
0.300000,0.330000,14,0.444699,0.200000,600,328
0.300000,0.340000,0,0.450464,0.200000,600,299
0.300000,0.340000,1,0.448933,0.200000,600,297
0.300000,0.340000,2,0.448980,0.200000,600,297
0.300000,0.340000,3,0.449553,0.200000,600,298
0.300000,0.340000,4,0.450205,0.200000,600,302
0.300000,0.340000,5,0.450290,0.200000,600,299
0.300000,0.340000,6,0.449665,0.200000,600,298
0.300000,0.340000,7,0.449869,0.200000,600,299
0.300000,0.340000,8,0.450227,0.200000,600,301
0.300000,0.340000,9,0.449874,0.200000,600,298
0.300000,0.340000,10,0.449001,0.200000,600,508
0.300000,0.340000,11,0.450822,0.200000,600,301
0.300000,0.340000,12,0.450166,0.200000,600,298
0.300000,0.340000,13,0.450149,0.200000,600,509
0.300000,0.340000,14,0.450579,0.200000,600,301
0.300000,0.350000,0,0.455884,0.200000,600,287
0.300000,0.350000,1,0.454502,0.200000,600,275
0.300000,0.350000,2,0.454993,0.200000,600,274
0.300000,0.350000,3,0.454468,0.200000,600,507
0.300000,0.350000,4,0.455771,0.200000,600,287
0.300000,0.350000,5,0.456005,0.200000,600,288
0.300000,0.350000,6,0.454907,0.200000,600,533
0.300000,0.350000,7,0.454957,0.200000,600,275
0.300000,0.350000,8,0.455564,0.200000,600,287
0.300000,0.350000,9,0.455685,0.200000,600,287
0.300000,0.350000,10,0.454731,0.200000,600,271
0.300000,0.350000,11,0.456390,0.200000,600,289
0.300000,0.350000,12,0.455576,0.200000,600,275
0.300000,0.350000,13,0.455182,0.200000,600,274
0.300000,0.350000,14,0.455867,0.200000,600,286
0.300000,0.360000,0,0.460855,0.200000,600,262
0.300000,0.360000,1,0.459898,0.200000,600,262
0.300000,0.360000,2,0.460507,0.200000,600,263
0.300000,0.360000,3,0.460575,0.200000,600,262
0.300000,0.360000,4,0.461217,0.200000,600,263
0.300000,0.360000,5,0.461596,0.200000,600,264
0.300000,0.360000,6,0.460086,0.200000,600,268
0.300000,0.360000,7,0.460044,0.200000,600,508
0.300000,0.360000,8,0.461172,0.200000,600,264
0.300000,0.360000,9,0.460933,0.200000,600,264
0.300000,0.360000,10,0.460442,0.200000,600,263
0.300000,0.360000,11,0.461718,0.200000,600,264
0.300000,0.360000,12,0.460703,0.200000,600,261
0.300000,0.360000,13,0.460489,0.200000,600,263
0.300000,0.360000,14,0.460926,0.200000,600,263
0.300000,0.370000,0,0.466885,0.200000,600,255
0.300000,0.370000,1,0.465756,0.200000,600,254
0.300000,0.370000,2,0.466335,0.200000,600,255
0.300000,0.370000,3,0.465776,0.200000,600,253
0.300000,0.370000,4,0.466929,0.200000,600,256
0.300000,0.370000,5,0.467041,0.200000,600,256
0.300000,0.370000,6,0.465739,0.200000,600,254
0.300000,0.370000,7,0.466057,0.200000,600,507
0.300000,0.370000,8,0.466570,0.200000,600,254
0.300000,0.370000,9,0.466511,0.200000,600,254
0.300000,0.370000,10,0.465516,0.200000,600,251
0.300000,0.370000,11,0.466481,0.200000,600,271
0.300000,0.370000,12,0.466166,0.200000,600,254
0.300000,0.370000,13,0.465676,0.200000,600,508
0.300000,0.370000,14,0.466730,0.200000,600,256
0.300000,0.380000,0,0.472187,0.200000,600,246
0.300000,0.380000,1,0.471448,0.200000,600,245
0.300000,0.380000,2,0.471545,0.200000,600,235
0.300000,0.380000,3,0.471550,0.200000,600,235
0.300000,0.380000,4,0.472095,0.200000,600,247
0.300000,0.380000,5,0.472719,0.200000,600,248
0.300000,0.380000,6,0.471381,0.200000,600,245
0.300000,0.380000,7,0.471513,0.200000,600,244
0.300000,0.380000,8,0.472004,0.200000,600,246
0.300000,0.380000,9,0.471973,0.200000,600,236
0.300000,0.380000,10,0.471004,0.200000,600,233
0.300000,0.380000,11,0.472400,0.200000,600,508
0.300000,0.380000,12,0.472086,0.200000,600,245
0.300000,0.380000,13,0.471929,0.200000,600,245
0.300000,0.380000,14,0.471898,0.200000,600,235
0.300000,0.390000,0,0.478008,0.200000,600,230
0.300000,0.390000,1,0.477036,0.200000,600,235
0.300000,0.390000,2,0.477685,0.200000,600,229
0.300000,0.390000,3,0.477209,0.200000,600,228
0.300000,0.390000,4,0.477701,0.200000,600,230
0.300000,0.390000,5,0.478042,0.200000,600,229
0.300000,0.390000,6,0.476857,0.200000,600,228
0.300000,0.390000,7,0.477222,0.200000,600,229
0.300000,0.390000,8,0.477461,0.200000,600,230
0.300000,0.390000,9,0.477734,0.200000,600,229
0.300000,0.390000,10,0.476919,0.200000,600,228
0.300000,0.390000,11,0.477985,0.200000,600,508
0.300000,0.390000,12,0.477805,0.200000,600,229
0.300000,0.390000,13,0.477572,0.200000,600,228
0.300000,0.390000,14,0.477587,0.200000,600,229
0.300000,0.400000,0,0.483845,0.200000,600,224
0.300000,0.400000,1,0.482754,0.200000,600,225
0.300000,0.400000,2,0.483353,0.200000,600,222
0.300000,0.400000,3,0.483280,0.200000,600,223
0.300000,0.400000,4,0.483544,0.200000,600,508
0.300000,0.400000,5,0.483809,0.200000,600,224
0.300000,0.400000,6,0.482809,0.200000,600,223
0.300000,0.400000,7,0.482894,0.200000,600,223
0.300000,0.400000,8,0.483118,0.200000,600,223
0.300000,0.400000,9,0.483124,0.200000,600,250
0.300000,0.400000,10,0.483183,0.200000,600,224
0.300000,0.400000,11,0.483772,0.200000,600,508
0.300000,0.400000,12,0.483599,0.200000,600,223
0.300000,0.400000,13,0.483527,0.200000,600,222
0.300000,0.400000,14,0.483690,0.200000,600,224
0.300000,0.410000,0,0.489774,0.200000,600,219
0.300000,0.410000,1,0.488329,0.200000,600,219
0.300000,0.410000,2,0.488949,0.200000,600,218
0.300000,0.410000,3,0.488904,0.200000,600,219
0.300000,0.410000,4,0.489374,0.200000,600,411
0.300000,0.410000,5,0.489699,0.200000,600,219
0.300000,0.410000,6,0.488938,0.200000,600,218
0.300000,0.410000,7,0.488206,0.200000,600,255
0.300000,0.410000,8,0.488859,0.200000,600,219
0.300000,0.410000,9,0.489028,0.200000,600,219
0.300000,0.410000,10,0.488900,0.200000,600,508
0.300000,0.410000,11,0.489288,0.200000,600,219
0.300000,0.410000,12,0.489804,0.200000,600,220
0.300000,0.410000,13,0.489636,0.200000,600,219
0.300000,0.410000,14,0.489551,0.200000,600,219
0.300000,0.420000,0,0.495157,0.200000,600,216
0.300000,0.420000,1,0.493714,0.200000,600,216
0.300000,0.420000,2,0.493832,0.200000,600,251
0.300000,0.420000,3,0.493811,0.200000,600,214
0.300000,0.420000,4,0.494879,0.200000,600,216
0.300000,0.420000,5,0.495133,0.200000,600,215
0.300000,0.420000,6,0.493926,0.200000,600,221
0.300000,0.420000,7,0.494029,0.200000,600,250
0.300000,0.420000,8,0.494297,0.200000,600,214
0.300000,0.420000,9,0.495023,0.200000,600,216
0.300000,0.420000,10,0.493975,0.200000,600,213
0.300000,0.420000,11,0.495060,0.200000,600,220
0.300000,0.420000,12,0.494843,0.200000,600,215
0.300000,0.420000,13,0.494553,0.200000,600,214
0.300000,0.420000,14,0.495042,0.200000,600,249
0.300000,0.430000,0,0.499651,0.200000,600,209
0.300000,0.430000,1,0.498238,0.200000,600,208
0.300000,0.430000,2,0.498169,0.200000,600,207
0.300000,0.430000,3,0.498576,0.200000,600,208
0.300000,0.430000,4,0.499108,0.200000,600,209
0.300000,0.430000,5,0.499560,0.200000,600,231
0.300000,0.430000,6,0.498543,0.200000,600,208
0.300000,0.430000,7,0.498689,0.200000,600,209
0.300000,0.430000,8,0.499012,0.200000,600,210
0.300000,0.430000,9,0.499198,0.200000,600,209
0.300000,0.430000,10,0.498104,0.200000,600,207
0.300000,0.430000,11,0.499882,0.200000,600,210
0.300000,0.430000,12,0.499164,0.200000,600,208
0.300000,0.430000,13,0.499193,0.200000,600,209
0.300000,0.430000,14,0.499555,0.200000,600,209
0.300000,0.440000,0,0.503375,0.200000,600,509
0.300000,0.440000,1,0.502477,0.200000,600,202
0.300000,0.440000,2,0.502726,0.200000,600,201
0.300000,0.440000,3,0.502629,0.200000,600,201
0.300000,0.440000,4,0.503183,0.200000,600,203
0.300000,0.440000,5,0.503955,0.200000,600,203
0.300000,0.440000,6,0.502382,0.200000,600,201
0.300000,0.440000,7,0.502717,0.200000,600,509
0.300000,0.440000,8,0.502867,0.200000,600,203
0.300000,0.440000,9,0.502746,0.200000,600,202
0.300000,0.440000,10,0.502413,0.200000,600,192
0.300000,0.440000,11,0.504027,0.200000,600,204
0.300000,0.440000,12,0.503204,0.200000,600,201
0.300000,0.440000,13,0.503020,0.200000,600,202
0.300000,0.440000,14,0.504064,0.200000,600,204
0.300000,0.450000,0,0.507600,0.200000,600,188
0.300000,0.450000,1,0.506232,0.200000,600,188
0.300000,0.450000,2,0.506596,0.200000,600,186
0.300000,0.450000,3,0.506411,0.200000,600,509
0.300000,0.450000,4,0.507555,0.200000,600,198
0.300000,0.450000,5,0.507667,0.200000,600,232
0.300000,0.450000,6,0.506789,0.200000,600,195
0.300000,0.450000,7,0.506522,0.200000,600,233
0.300000,0.450000,8,0.506865,0.200000,600,189
0.300000,0.450000,9,0.507245,0.200000,600,187
0.300000,0.450000,10,0.506305,0.200000,600,186
0.300000,0.450000,11,0.508044,0.200000,600,188
0.300000,0.450000,12,0.507397,0.200000,600,193
0.300000,0.450000,13,0.507133,0.200000,600,187
0.300000,0.450000,14,0.507673,0.200000,600,197
0.300000,0.460000,0,0.511321,0.200000,600,185
0.300000,0.460000,1,0.509696,0.200000,600,183
0.300000,0.460000,2,0.510015,0.200000,600,187
0.300000,0.460000,3,0.510337,0.200000,600,184
0.300000,0.460000,4,0.511147,0.200000,600,197
0.300000,0.460000,5,0.511481,0.200000,600,193
0.300000,0.460000,6,0.509991,0.200000,600,192
0.300000,0.460000,7,0.510855,0.200000,600,184
0.300000,0.460000,8,0.510660,0.200000,600,188
0.300000,0.460000,9,0.510850,0.200000,600,207
0.300000,0.460000,10,0.509883,0.200000,600,188
0.300000,0.460000,11,0.511864,0.200000,600,194
0.300000,0.460000,12,0.510819,0.200000,600,192
0.300000,0.460000,13,0.510968,0.200000,600,184
0.300000,0.460000,14,0.511685,0.200000,600,510
0.300000,0.470000,0,0.515015,0.200000,600,180
0.300000,0.470000,1,0.513356,0.200000,600,178
0.300000,0.470000,2,0.513896,0.200000,600,184
0.300000,0.470000,3,0.513691,0.200000,600,510
0.300000,0.470000,4,0.514982,0.200000,600,180
0.300000,0.470000,5,0.515246,0.200000,600,180
0.300000,0.470000,6,0.514359,0.200000,600,203
0.300000,0.470000,7,0.513733,0.200000,600,508
0.300000,0.470000,8,0.514482,0.200000,600,180
0.300000,0.470000,9,0.514518,0.200000,600,179
0.300000,0.470000,10,0.513468,0.200000,600,509
0.300000,0.470000,11,0.515735,0.200000,600,180
0.300000,0.470000,12,0.514183,0.200000,600,218
0.300000,0.470000,13,0.514321,0.200000,600,179
0.300000,0.470000,14,0.514966,0.200000,600,190
0.300000,0.480000,0,0.518304,0.200000,600,175
0.300000,0.480000,1,0.516980,0.200000,600,174
0.300000,0.480000,2,0.517729,0.200000,600,208
0.300000,0.480000,3,0.517539,0.200000,600,175
0.300000,0.480000,4,0.518284,0.200000,600,176
0.300000,0.480000,5,0.518636,0.200000,600,186
0.300000,0.480000,6,0.517573,0.200000,600,199
0.300000,0.480000,7,0.518040,0.200000,600,175
0.300000,0.480000,8,0.517598,0.200000,600,176
0.300000,0.480000,9,0.517991,0.200000,600,509
0.300000,0.480000,10,0.516666,0.200000,600,510
0.300000,0.480000,11,0.519421,0.200000,600,177
0.300000,0.480000,12,0.518152,0.200000,600,509
0.300000,0.480000,13,0.517914,0.200000,600,174
0.300000,0.480000,14,0.518945,0.200000,600,176
0.300000,0.490000,0,0.521841,0.200000,600,161
0.300000,0.490000,1,0.520234,0.200000,600,173
0.300000,0.490000,2,0.520904,0.200000,600,183
0.300000,0.490000,3,0.520389,0.200000,600,161
0.300000,0.490000,4,0.521587,0.200000,600,170
0.300000,0.490000,5,0.522170,0.200000,600,209
0.300000,0.490000,6,0.521048,0.200000,600,193
0.300000,0.490000,7,0.520652,0.200000,600,508
0.300000,0.490000,8,0.521046,0.200000,600,509
0.300000,0.490000,9,0.521151,0.200000,600,161
0.300000,0.490000,10,0.520394,0.200000,600,187
0.300000,0.490000,11,0.522487,0.200000,600,171
0.300000,0.490000,12,0.521456,0.200000,600,305
0.300000,0.490000,13,0.521522,0.200000,600,179
0.300000,0.490000,14,0.522069,0.200000,600,171
0.300000,0.500000,0,0.525162,0.200000,600,158
0.300000,0.500000,1,0.523462,0.200000,600,157
0.300000,0.500000,2,0.523947,0.200000,600,173
0.300000,0.500000,3,0.523363,0.200000,600,157
0.300000,0.500000,4,0.524615,0.200000,600,177
0.300000,0.500000,5,0.525032,0.200000,600,509
0.300000,0.500000,6,0.524397,0.200000,600,181
0.300000,0.500000,7,0.524544,0.200000,600,159
0.300000,0.500000,8,0.524820,0.200000,600,164
0.300000,0.500000,9,0.524992,0.200000,600,158
0.300000,0.500000,10,0.523648,0.200000,600,179
0.300000,0.500000,11,0.525866,0.200000,600,158
0.300000,0.500000,12,0.524861,0.200000,600,180
0.300000,0.500000,13,0.524533,0.200000,600,510
0.300000,0.500000,14,0.525768,0.200000,600,160
0.400000,0.200000,0,0.000000,0.200000,600,513
0.400000,0.200000,1,0.000000,0.200000,600,513
0.400000,0.200000,2,0.000000,0.200000,600,513
0.400000,0.200000,3,0.000000,0.200000,600,513
0.400000,0.200000,4,0.000000,0.200000,600,512
0.400000,0.200000,5,0.000000,0.200000,600,513
0.400000,0.200000,6,0.000000,0.200000,600,513
0.400000,0.200000,7,0.000000,0.200000,600,513
0.400000,0.200000,8,0.000000,0.200000,600,514
0.400000,0.200000,9,0.000000,0.200000,600,513
0.400000,0.200000,10,0.000000,0.200000,600,513
0.400000,0.200000,11,0.000000,0.200000,600,512
0.400000,0.200000,12,0.000000,0.200000,600,513
0.400000,0.200000,13,0.000000,0.200000,600,513
0.400000,0.200000,14,0.000000,0.200000,600,514
0.400000,0.210000,0,0.000000,0.200000,600,513
0.400000,0.210000,1,0.000000,0.200000,600,514
0.400000,0.210000,2,0.000000,0.200000,600,514
0.400000,0.210000,3,0.000000,0.200000,600,514
0.400000,0.210000,4,0.000000,0.200000,600,514
0.400000,0.210000,5,0.000000,0.200000,600,514
0.400000,0.210000,6,0.000000,0.200000,600,513
0.400000,0.210000,7,0.000000,0.200000,600,514
0.400000,0.210000,8,0.000000,0.200000,600,514
0.400000,0.210000,9,0.000000,0.200000,600,514
0.400000,0.210000,10,0.000000,0.200000,600,514
0.400000,0.210000,11,0.000000,0.200000,600,513
0.400000,0.210000,12,0.000000,0.200000,600,514
0.400000,0.210000,13,0.000000,0.200000,600,514
0.400000,0.210000,14,0.000000,0.200000,600,513
0.400000,0.220000,0,0.000000,0.200000,600,518
0.400000,0.220000,1,0.000000,0.200000,600,518
0.400000,0.220000,2,0.000000,0.200000,600,519
0.400000,0.220000,3,0.000000,0.200000,600,518
0.400000,0.220000,4,0.000000,0.200000,600,517
0.400000,0.220000,5,0.000000,0.200000,600,517
0.400000,0.220000,6,0.000000,0.200000,600,518
0.400000,0.220000,7,0.000000,0.200000,600,517
0.400000,0.220000,8,0.000000,0.200000,600,518
0.400000,0.220000,9,0.000000,0.200000,600,518
0.400000,0.220000,10,0.000000,0.200000,600,518
0.400000,0.220000,11,0.000000,0.200000,600,516
0.400000,0.220000,12,0.000000,0.200000,600,518
0.400000,0.220000,13,0.000000,0.200000,600,517
0.400000,0.220000,14,0.000000,0.200000,600,517
0.400000,0.230000,0,0.000000,0.200000,600,531
0.400000,0.230000,1,0.000000,0.200000,600,546
0.400000,0.230000,2,0.000000,0.200000,600,532
0.400000,0.230000,3,0.000000,0.200000,600,531
0.400000,0.230000,4,0.000000,0.200000,600,531
0.400000,0.230000,5,0.000000,0.200000,600,529
0.400000,0.230000,6,0.000000,0.200000,600,538
0.400000,0.230000,7,0.000000,0.200000,600,538
0.400000,0.230000,8,0.000000,0.200000,600,533
0.400000,0.230000,9,0.000000,0.200000,600,530
0.400000,0.230000,10,0.363717,0.200000,600,1000
0.400000,0.230000,11,0.000000,0.200000,600,531
0.400000,0.230000,12,0.000000,0.200000,600,530
0.400000,0.230000,13,0.000000,0.200000,600,532
0.400000,0.230000,14,0.000000,0.200000,600,534
0.400000,0.240000,0,0.374530,0.200000,600,879
0.400000,0.240000,1,0.373636,0.200000,600,864
0.400000,0.240000,2,0.373663,0.200000,600,838
0.400000,0.240000,3,0.374274,0.200000,600,875
0.400000,0.240000,4,0.374592,0.200000,600,912
0.400000,0.240000,5,0.374726,0.200000,600,912
0.400000,0.240000,6,0.373865,0.200000,600,871
0.400000,0.240000,7,0.374130,0.200000,600,873
0.400000,0.240000,8,0.374365,0.200000,600,905
0.400000,0.240000,9,0.374091,0.200000,600,870
0.400000,0.240000,10,0.373870,0.200000,600,855
0.400000,0.240000,11,0.374396,0.200000,600,900
0.400000,0.240000,12,0.374480,0.200000,600,901
0.400000,0.240000,13,0.374528,0.200000,600,907
0.400000,0.240000,14,0.374422,0.200000,600,897
0.400000,0.250000,0,0.384499,0.200000,600,763
0.400000,0.250000,1,0.383705,0.200000,600,749
0.400000,0.250000,2,0.383760,0.200000,600,733
0.400000,0.250000,3,0.384094,0.200000,600,751
0.400000,0.250000,4,0.384436,0.200000,600,767
0.400000,0.250000,5,0.384470,0.200000,600,765
0.400000,0.250000,6,0.383900,0.200000,600,734
0.400000,0.250000,7,0.383911,0.200000,600,733
0.400000,0.250000,8,0.384021,0.200000,600,752
0.400000,0.250000,9,0.384156,0.200000,600,736
0.400000,0.250000,10,0.383747,0.200000,600,731
0.400000,0.250000,11,0.384341,0.200000,600,755
0.400000,0.250000,12,0.384482,0.200000,600,763
0.400000,0.250000,13,0.384322,0.200000,600,760
0.400000,0.250000,14,0.384483,0.200000,600,765
0.400000,0.260000,0,0.393854,0.200000,600,660
0.400000,0.260000,1,0.392933,0.200000,600,637
0.400000,0.260000,2,0.393064,0.200000,600,635
0.400000,0.260000,3,0.393095,0.200000,600,635
0.400000,0.260000,4,0.393336,0.200000,600,643
0.400000,0.260000,5,0.393624,0.200000,600,659
0.400000,0.260000,6,0.392797,0.200000,600,633
0.400000,0.260000,7,0.393139,0.200000,600,639
0.400000,0.260000,8,0.393220,0.200000,600,640
0.400000,0.260000,9,0.393554,0.200000,600,642
0.400000,0.260000,10,0.393148,0.200000,600,636
0.400000,0.260000,11,0.393773,0.200000,600,662
0.400000,0.260000,12,0.393673,0.200000,600,658
0.400000,0.260000,13,0.393634,0.200000,600,658
0.400000,0.260000,14,0.393977,0.200000,600,668
0.400000,0.270000,0,0.402070,0.200000,600,557
0.400000,0.270000,1,0.400951,0.200000,600,547
0.400000,0.270000,2,0.401096,0.200000,600,541
0.400000,0.270000,3,0.401304,0.200000,600,548
0.400000,0.270000,4,0.401594,0.200000,600,553
0.400000,0.270000,5,0.402184,0.200000,600,573
0.400000,0.270000,6,0.401336,0.200000,600,553
0.400000,0.270000,7,0.401364,0.200000,600,551
0.400000,0.270000,8,0.401463,0.200000,600,552
0.400000,0.270000,9,0.401611,0.200000,600,551
0.400000,0.270000,10,0.400855,0.200000,600,538
0.400000,0.270000,11,0.402169,0.200000,600,573
0.400000,0.270000,12,0.401646,0.200000,600,551
0.400000,0.270000,13,0.401606,0.200000,600,551
0.400000,0.270000,14,0.402153,0.200000,600,572
0.400000,0.280000,0,0.409367,0.200000,600,477
0.400000,0.280000,1,0.408536,0.200000,600,474
0.400000,0.280000,2,0.408862,0.200000,600,474
0.400000,0.280000,3,0.408708,0.200000,600,473
0.400000,0.280000,4,0.409161,0.200000,600,478
0.400000,0.280000,5,0.409329,0.200000,600,1000
0.400000,0.280000,6,0.408494,0.200000,600,473
0.400000,0.280000,7,0.408850,0.200000,600,476
0.400000,0.280000,8,0.409143,0.200000,600,491
0.400000,0.280000,9,0.408992,0.200000,600,506
0.400000,0.280000,10,0.408556,0.200000,600,468
0.400000,0.280000,11,0.409856,0.200000,600,496
0.400000,0.280000,12,0.409009,0.200000,600,476
0.400000,0.280000,13,0.408794,0.200000,600,474
0.400000,0.280000,14,0.409504,0.200000,600,493
0.400000,0.290000,0,0.416547,0.200000,600,428
0.400000,0.290000,1,0.415488,0.200000,600,423
0.400000,0.290000,2,0.415624,0.200000,600,422
0.400000,0.290000,3,0.415575,0.200000,600,506
0.400000,0.290000,4,0.416250,0.200000,600,430
0.400000,0.290000,5,0.416758,0.200000,600,431
0.400000,0.290000,6,0.415731,0.200000,600,424
0.400000,0.290000,7,0.415936,0.200000,600,423
0.400000,0.290000,8,0.415792,0.200000,600,507
0.400000,0.290000,9,0.416407,0.200000,600,431
0.400000,0.290000,10,0.415829,0.200000,600,422
0.400000,0.290000,11,0.416925,0.200000,600,434
0.400000,0.290000,12,0.416300,0.200000,600,424
0.400000,0.290000,13,0.416292,0.200000,600,426
0.400000,0.290000,14,0.416752,0.200000,600,431
0.400000,0.300000,0,0.423201,0.200000,600,385
0.400000,0.300000,1,0.422587,0.200000,600,382
0.400000,0.300000,2,0.422992,0.200000,600,383
0.400000,0.300000,3,0.422785,0.200000,600,382
0.400000,0.300000,4,0.423747,0.200000,600,393
0.400000,0.300000,5,0.423616,0.200000,600,390
0.400000,0.300000,6,0.422933,0.200000,600,388
0.400000,0.300000,7,0.422831,0.200000,600,384
0.400000,0.300000,8,0.423357,0.200000,600,392
0.400000,0.300000,9,0.423305,0.200000,600,386
0.400000,0.300000,10,0.422750,0.200000,600,383
0.400000,0.300000,11,0.423566,0.200000,600,388
0.400000,0.300000,12,0.422976,0.200000,600,722
0.400000,0.300000,13,0.423396,0.200000,600,388
0.400000,0.300000,14,0.423518,0.200000,600,388
0.400000,0.310000,0,0.430784,0.200000,600,370
0.400000,0.310000,1,0.429758,0.200000,600,355
0.400000,0.310000,2,0.430119,0.200000,600,354
0.400000,0.310000,3,0.429982,0.200000,600,353
0.400000,0.310000,4,0.430414,0.200000,600,367
0.400000,0.310000,5,0.430975,0.200000,600,371
0.400000,0.310000,6,0.430015,0.200000,600,355
0.400000,0.310000,7,0.430371,0.200000,600,369
0.400000,0.310000,8,0.430393,0.200000,600,369
0.400000,0.310000,9,0.430169,0.200000,600,354
0.400000,0.310000,10,0.429773,0.200000,600,508
0.400000,0.310000,11,0.430790,0.200000,600,368
0.400000,0.310000,12,0.430667,0.200000,600,368
0.400000,0.310000,13,0.430498,0.200000,600,367
0.400000,0.310000,14,0.430470,0.200000,600,357
0.400000,0.320000,0,0.437941,0.200000,600,342
0.400000,0.320000,1,0.436732,0.200000,600,337
0.400000,0.320000,2,0.437552,0.200000,600,338
0.400000,0.320000,3,0.437461,0.200000,600,339
0.400000,0.320000,4,0.437799,0.200000,600,341
0.400000,0.320000,5,0.438142,0.200000,600,342
0.400000,0.320000,6,0.437108,0.200000,600,338
0.400000,0.320000,7,0.437049,0.200000,600,338
0.400000,0.320000,8,0.437609,0.200000,600,341
0.400000,0.320000,9,0.437464,0.200000,600,507
0.400000,0.320000,10,0.437606,0.200000,600,340
0.400000,0.320000,11,0.437920,0.200000,600,340
0.400000,0.320000,12,0.437848,0.200000,600,340
0.400000,0.320000,13,0.437806,0.200000,600,340
0.400000,0.320000,14,0.437834,0.200000,600,507
0.400000,0.330000,0,0.445335,0.200000,600,330
0.400000,0.330000,1,0.444312,0.200000,600,327
0.400000,0.330000,2,0.444640,0.200000,600,328
0.400000,0.330000,3,0.444777,0.200000,600,329
0.400000,0.330000,4,0.445053,0.200000,600,331
0.400000,0.330000,5,0.445271,0.200000,600,330
0.400000,0.330000,6,0.444498,0.200000,600,327
0.400000,0.330000,7,0.444537,0.200000,600,328
0.400000,0.330000,8,0.444621,0.200000,600,507
0.400000,0.330000,9,0.444657,0.200000,600,327
0.400000,0.330000,10,0.444528,0.200000,600,506
0.400000,0.330000,11,0.444995,0.200000,600,346
0.400000,0.330000,12,0.445167,0.200000,600,329
0.400000,0.330000,13,0.445074,0.200000,600,329
0.400000,0.330000,14,0.445386,0.200000,600,331
0.400000,0.340000,0,0.452175,0.200000,600,319
0.400000,0.340000,1,0.450872,0.200000,600,305
0.400000,0.340000,2,0.451191,0.200000,600,304
0.400000,0.340000,3,0.451077,0.200000,600,507
0.400000,0.340000,4,0.451742,0.200000,600,318
0.400000,0.340000,5,0.451842,0.200000,600,317
0.400000,0.340000,6,0.451190,0.200000,600,305
0.400000,0.340000,7,0.451324,0.200000,600,316
0.400000,0.340000,8,0.451339,0.200000,600,317
0.400000,0.340000,9,0.451899,0.200000,600,320
0.400000,0.340000,10,0.451348,0.200000,600,305
0.400000,0.340000,11,0.452185,0.200000,600,320
0.400000,0.340000,12,0.451864,0.200000,600,318
0.400000,0.340000,13,0.451881,0.200000,600,319
0.400000,0.340000,14,0.452134,0.200000,600,319
0.400000,0.350000,0,0.458098,0.200000,600,294
0.400000,0.350000,1,0.456677,0.200000,600,291
0.400000,0.350000,2,0.456602,0.200000,600,507
0.400000,0.350000,3,0.456992,0.200000,600,291
0.400000,0.350000,4,0.457571,0.200000,600,294
0.400000,0.350000,5,0.457967,0.200000,600,294
0.400000,0.350000,6,0.456900,0.200000,600,290
0.400000,0.350000,7,0.456969,0.200000,600,506
0.400000,0.350000,8,0.457191,0.200000,600,292
0.400000,0.350000,9,0.457394,0.200000,600,291
0.400000,0.350000,10,0.456837,0.200000,600,291
0.400000,0.350000,11,0.458166,0.200000,600,294
0.400000,0.350000,12,0.457352,0.200000,600,292
0.400000,0.350000,13,0.457379,0.200000,600,292
0.400000,0.350000,14,0.457790,0.200000,600,292
0.400000,0.360000,0,0.462909,0.200000,600,269
0.400000,0.360000,1,0.462021,0.200000,600,279
0.400000,0.360000,2,0.461872,0.200000,600,268
0.400000,0.360000,3,0.462097,0.200000,600,268
0.400000,0.360000,4,0.462903,0.200000,600,282
0.400000,0.360000,5,0.463368,0.200000,600,281
0.400000,0.360000,6,0.462346,0.200000,600,279
0.400000,0.360000,7,0.462261,0.200000,600,508
0.400000,0.360000,8,0.462469,0.200000,600,280
0.400000,0.360000,9,0.462552,0.200000,600,279
0.400000,0.360000,10,0.461426,0.200000,600,269
0.400000,0.360000,11,0.463592,0.200000,600,282
0.400000,0.360000,12,0.462651,0.200000,600,269
0.400000,0.360000,13,0.462831,0.200000,600,281
0.400000,0.360000,14,0.463123,0.200000,600,280
0.400000,0.370000,0,0.467906,0.200000,600,257
0.400000,0.370000,1,0.466423,0.200000,600,508
0.400000,0.370000,2,0.466893,0.200000,600,255
0.400000,0.370000,3,0.466417,0.200000,600,508
0.400000,0.370000,4,0.467874,0.200000,600,257
0.400000,0.370000,5,0.468104,0.200000,600,508
0.400000,0.370000,6,0.466856,0.200000,600,256
0.400000,0.370000,7,0.467494,0.200000,600,566
0.400000,0.370000,8,0.467287,0.200000,600,257
0.400000,0.370000,9,0.467609,0.200000,600,258
0.400000,0.370000,10,0.466693,0.200000,600,256
0.400000,0.370000,11,0.468978,0.200000,600,261
0.400000,0.370000,12,0.467401,0.200000,600,257
0.400000,0.370000,13,0.467479,0.200000,600,256
0.400000,0.370000,14,0.468219,0.200000,600,259
0.400000,0.380000,0,0.472416,0.200000,600,247
0.400000,0.380000,1,0.471272,0.200000,600,246
0.400000,0.380000,2,0.471753,0.200000,600,236
0.400000,0.380000,3,0.471561,0.200000,600,509
0.400000,0.380000,4,0.472820,0.200000,600,250
0.400000,0.380000,5,0.473080,0.200000,600,250
0.400000,0.380000,6,0.471737,0.200000,600,247
0.400000,0.380000,7,0.472207,0.200000,600,247
0.400000,0.380000,8,0.471788,0.200000,600,248
0.400000,0.380000,9,0.472453,0.200000,600,247
0.400000,0.380000,10,0.471879,0.200000,600,237
0.400000,0.380000,11,0.473600,0.200000,600,251
0.400000,0.380000,12,0.472196,0.200000,600,247
0.400000,0.380000,13,0.472603,0.200000,600,248
0.400000,0.380000,14,0.472883,0.200000,600,248
0.400000,0.390000,0,0.477145,0.200000,600,229
0.400000,0.390000,1,0.476030,0.200000,600,228
0.400000,0.390000,2,0.476166,0.200000,600,227
0.400000,0.390000,3,0.475664,0.200000,600,509
0.400000,0.390000,4,0.477307,0.200000,600,230
0.400000,0.390000,5,0.477656,0.200000,600,229
0.400000,0.390000,6,0.476484,0.200000,600,228
0.400000,0.390000,7,0.476477,0.200000,600,228
0.400000,0.390000,8,0.476774,0.200000,600,228
0.400000,0.390000,9,0.476769,0.200000,600,227
0.400000,0.390000,10,0.476185,0.200000,600,229
0.400000,0.390000,11,0.477955,0.200000,600,508
0.400000,0.390000,12,0.476571,0.200000,600,227
0.400000,0.390000,13,0.476708,0.200000,600,228
0.400000,0.390000,14,0.477707,0.200000,600,230
0.400000,0.400000,0,0.481796,0.200000,600,222
0.400000,0.400000,1,0.480518,0.200000,600,235
0.400000,0.400000,2,0.481139,0.200000,600,221
0.400000,0.400000,3,0.480767,0.200000,600,220
0.400000,0.400000,4,0.481164,0.200000,600,222
0.400000,0.400000,5,0.481859,0.200000,600,222
0.400000,0.400000,6,0.480487,0.200000,600,220
0.400000,0.400000,7,0.480947,0.200000,600,220
0.400000,0.400000,8,0.480649,0.200000,600,221
0.400000,0.400000,9,0.481258,0.200000,600,220
0.400000,0.400000,10,0.480673,0.200000,600,220
0.400000,0.400000,11,0.482350,0.200000,600,223
0.400000,0.400000,12,0.481199,0.200000,600,221
0.400000,0.400000,13,0.481188,0.200000,600,221
0.400000,0.400000,14,0.482131,0.200000,600,222
0.400000,0.410000,0,0.486325,0.200000,600,214
0.400000,0.410000,1,0.484104,0.200000,600,229
0.400000,0.410000,2,0.485329,0.200000,600,211
0.400000,0.410000,3,0.484574,0.200000,600,246
0.400000,0.410000,4,0.485937,0.200000,600,215
0.400000,0.410000,5,0.486105,0.200000,600,215
0.400000,0.410000,6,0.485348,0.200000,600,213
0.400000,0.410000,7,0.485363,0.200000,600,212
0.400000,0.410000,8,0.485120,0.200000,600,508
0.400000,0.410000,9,0.485596,0.200000,600,213
0.400000,0.410000,10,0.485179,0.200000,600,220
0.400000,0.410000,11,0.486808,0.200000,600,215
0.400000,0.410000,12,0.485552,0.200000,600,509
0.400000,0.410000,13,0.485328,0.200000,600,509
0.400000,0.410000,14,0.486196,0.200000,600,215
0.400000,0.420000,0,0.489865,0.200000,600,509
0.400000,0.420000,1,0.488942,0.200000,600,199
0.400000,0.420000,2,0.489665,0.200000,600,197
0.400000,0.420000,3,0.489385,0.200000,600,217
0.400000,0.420000,4,0.490033,0.200000,600,214
0.400000,0.420000,5,0.490213,0.200000,600,509
0.400000,0.420000,6,0.489684,0.200000,600,208
0.400000,0.420000,7,0.489621,0.200000,600,509
0.400000,0.420000,8,0.489440,0.200000,600,229
0.400000,0.420000,9,0.490301,0.200000,600,197
0.400000,0.420000,10,0.489642,0.200000,600,200
0.400000,0.420000,11,0.491144,0.200000,600,229
0.400000,0.420000,12,0.490037,0.200000,600,203
0.400000,0.420000,13,0.489995,0.200000,600,199
0.400000,0.420000,14,0.491107,0.200000,600,508
0.400000,0.430000,0,0.494327,0.200000,600,508
0.400000,0.430000,1,0.492959,0.200000,600,191
0.400000,0.430000,2,0.494317,0.200000,600,256
0.400000,0.430000,3,0.492954,0.200000,600,508
0.400000,0.430000,4,0.493924,0.200000,600,509
0.400000,0.430000,5,0.494984,0.200000,600,509
0.400000,0.430000,6,0.493854,0.200000,600,198
0.400000,0.430000,7,0.493842,0.200000,600,509
0.400000,0.430000,8,0.494127,0.200000,600,193
0.400000,0.430000,9,0.494537,0.200000,600,508
0.400000,0.430000,10,0.494125,0.200000,600,201
0.400000,0.430000,11,0.494905,0.200000,600,509
0.400000,0.430000,12,0.494347,0.200000,600,508
0.400000,0.430000,13,0.493066,0.200000,600,508
0.400000,0.430000,14,0.494646,0.200000,600,212
0.400000,0.440000,0,0.498689,0.200000,600,235
0.400000,0.440000,1,0.497229,0.200000,600,508
0.400000,0.440000,2,0.498184,0.200000,600,219
0.400000,0.440000,3,0.497835,0.200000,600,507
0.400000,0.440000,4,0.498709,0.200000,600,507
0.400000,0.440000,5,0.499232,0.200000,600,190
0.400000,0.440000,6,0.497459,0.200000,600,509
0.400000,0.440000,7,0.498052,0.200000,600,507
0.400000,0.440000,8,0.498112,0.200000,600,193
0.400000,0.440000,9,0.498262,0.200000,600,509
0.400000,0.440000,10,0.498435,0.200000,600,186
0.400000,0.440000,11,0.498709,0.200000,600,509
0.400000,0.440000,12,0.498609,0.200000,600,224
0.400000,0.440000,13,0.498496,0.200000,600,508
0.400000,0.440000,14,0.499024,0.200000,600,198
0.400000,0.450000,0,0.503257,0.200000,600,509
0.400000,0.450000,1,0.501704,0.200000,600,508
0.400000,0.450000,2,0.502631,0.200000,600,233
0.400000,0.450000,3,0.501897,0.200000,600,509
0.400000,0.450000,4,0.502930,0.200000,600,511
0.400000,0.450000,5,0.503505,0.200000,600,188
0.400000,0.450000,6,0.502242,0.200000,600,509
0.400000,0.450000,7,0.502548,0.200000,600,194
0.400000,0.450000,8,0.502988,0.200000,600,215
0.400000,0.450000,9,0.502668,0.200000,600,508
0.400000,0.450000,10,0.501875,0.200000,600,509
0.400000,0.450000,11,0.503107,0.200000,600,509
0.400000,0.450000,12,0.502474,0.200000,600,509
0.400000,0.450000,13,0.502041,0.200000,600,509
0.400000,0.450000,14,0.503591,0.200000,600,196
0.400000,0.460000,0,0.507495,0.200000,600,509
0.400000,0.460000,1,0.506770,0.200000,600,509
0.400000,0.460000,2,0.507258,0.200000,600,190
0.400000,0.460000,3,0.506366,0.200000,600,507
0.400000,0.460000,4,0.507936,0.200000,600,508
0.400000,0.460000,5,0.508398,0.200000,600,508
0.400000,0.460000,6,0.507143,0.200000,600,192
0.400000,0.460000,7,0.507275,0.200000,600,187
0.400000,0.460000,8,0.507277,0.200000,600,209
0.400000,0.460000,9,0.507350,0.200000,600,508
0.400000,0.460000,10,0.507279,0.200000,600,193
0.400000,0.460000,11,0.507898,0.200000,600,509
0.400000,0.460000,12,0.507300,0.200000,600,510
0.400000,0.460000,13,0.507061,0.200000,600,508
0.400000,0.460000,14,0.507174,0.200000,600,511
0.400000,0.470000,0,0.512549,0.200000,600,189
0.400000,0.470000,1,0.511228,0.200000,600,509
0.400000,0.470000,2,0.512232,0.200000,600,174
0.400000,0.470000,3,0.511329,0.200000,600,510
0.400000,0.470000,4,0.512369,0.200000,600,175
0.400000,0.470000,5,0.513294,0.200000,600,181
0.400000,0.470000,6,0.511312,0.200000,600,509
0.400000,0.470000,7,0.510840,0.200000,600,510
0.400000,0.470000,8,0.511952,0.200000,600,181
0.400000,0.470000,9,0.511911,0.200000,600,262
0.400000,0.470000,10,0.511769,0.200000,600,232
0.400000,0.470000,11,0.511984,0.200000,600,507
0.400000,0.470000,12,0.511874,0.200000,600,509
0.400000,0.470000,13,0.512305,0.200000,600,189
0.400000,0.470000,14,0.512126,0.200000,600,508
0.400000,0.480000,0,0.517391,0.200000,600,509
0.400000,0.480000,1,0.515982,0.200000,600,217
0.400000,0.480000,2,0.516562,0.200000,600,210
0.400000,0.480000,3,0.516532,0.200000,600,509
0.400000,0.480000,4,0.517265,0.200000,600,175
0.400000,0.480000,5,0.517691,0.200000,600,182
0.400000,0.480000,6,0.516089,0.200000,600,230
0.400000,0.480000,7,0.515693,0.200000,600,509
0.400000,0.480000,8,0.516871,0.200000,600,185
0.400000,0.480000,9,0.516743,0.200000,600,194
0.400000,0.480000,10,0.516433,0.200000,600,181
0.400000,0.480000,11,0.517114,0.200000,600,508
0.400000,0.480000,12,0.516997,0.200000,600,508
0.400000,0.480000,13,0.516989,0.200000,600,184
0.400000,0.480000,14,0.517237,0.200000,600,509
0.400000,0.490000,0,0.522346,0.200000,600,170
0.400000,0.490000,1,0.520895,0.200000,600,509
0.400000,0.490000,2,0.521780,0.200000,600,169
0.400000,0.490000,3,0.521323,0.200000,600,181
0.400000,0.490000,4,0.521983,0.200000,600,511
0.400000,0.490000,5,0.522313,0.200000,600,169
0.400000,0.490000,6,0.521338,0.200000,600,194
0.400000,0.490000,7,0.521037,0.200000,600,167
0.400000,0.490000,8,0.521747,0.200000,600,508
0.400000,0.490000,9,0.521537,0.200000,600,509
0.400000,0.490000,10,0.521516,0.200000,600,160
0.400000,0.490000,11,0.522058,0.200000,600,231
0.400000,0.490000,12,0.521778,0.200000,600,509
0.400000,0.490000,13,0.522090,0.200000,600,169
0.400000,0.490000,14,0.521620,0.200000,600,193
0.400000,0.500000,0,0.526961,0.200000,600,166
0.400000,0.500000,1,0.526072,0.200000,600,173
0.400000,0.500000,2,0.526822,0.200000,600,337
0.400000,0.500000,3,0.526717,0.200000,600,180
0.400000,0.500000,4,0.526314,0.200000,600,508
0.400000,0.500000,5,0.527285,0.200000,600,508
0.400000,0.500000,6,0.526297,0.200000,600,188
0.400000,0.500000,7,0.526020,0.200000,600,508
0.400000,0.500000,8,0.526289,0.200000,600,509
0.400000,0.500000,9,0.526145,0.200000,600,179
0.400000,0.500000,10,0.526365,0.200000,600,166
0.400000,0.500000,11,0.527000,0.200000,600,172
0.400000,0.500000,12,0.527170,0.200000,600,180
0.400000,0.500000,13,0.526777,0.200000,600,509
0.400000,0.500000,14,0.526447,0.200000,600,296
