theta_del,beta,mean_rho,std_rho,mean_fdel,std_fdel,mean_deleted
0.100000,0.200000,0.380120,0.000618,0.002511,0.001374,7.533333
0.100000,0.210000,0.390500,0.000742,0.006289,0.001902,18.866667
0.100000,0.220000,0.399737,0.000947,0.012622,0.003455,37.866667
0.100000,0.230000,0.407549,0.001190,0.023311,0.004695,69.933333
0.100000,0.240000,0.413838,0.001456,0.039200,0.006088,117.600000
0.100000,0.250000,0.418674,0.001483,0.059756,0.005690,179.266667
0.100000,0.260000,0.422678,0.001674,0.081578,0.006443,244.733333
0.100000,0.270000,0.423898,0.002071,0.113667,0.007978,341.000000
0.100000,0.280000,0.424096,0.002837,0.146756,0.010929,440.266667
0.100000,0.290000,0.421819,0.002996,0.186911,0.010675,560.733333
0.100000,0.300000,0.425696,0.000402,0.200000,0.000000,600.000000
0.100000,0.310000,0.432716,0.000389,0.200000,0.000000,600.000000
0.100000,0.320000,0.439445,0.000403,0.200000,0.000000,600.000000
0.100000,0.330000,0.445897,0.000424,0.200000,0.000000,600.000000
0.100000,0.340000,0.451999,0.000458,0.200000,0.000000,600.000000
0.100000,0.350000,0.458044,0.000419,0.200000,0.000000,600.000000
0.100000,0.360000,0.463910,0.000423,0.200000,0.000000,600.000000
0.100000,0.370000,0.469456,0.000516,0.200000,0.000000,600.000000
0.100000,0.380000,0.474755,0.000521,0.200000,0.000000,600.000000
0.100000,0.390000,0.479847,0.000544,0.200000,0.000000,600.000000
0.100000,0.400000,0.484799,0.000423,0.200000,0.000000,600.000000
0.100000,0.410000,0.489802,0.000486,0.200000,0.000000,600.000000
0.100000,0.420000,0.494654,0.000486,0.200000,0.000000,600.000000
0.100000,0.430000,0.499402,0.000460,0.200000,0.000000,600.000000
0.100000,0.440000,0.504168,0.000513,0.200000,0.000000,600.000000
0.100000,0.450000,0.508473,0.000548,0.200000,0.000000,600.000000
0.100000,0.460000,0.512534,0.000552,0.200000,0.000000,600.000000
0.100000,0.470000,0.516462,0.000570,0.200000,0.000000,600.000000
0.100000,0.480000,0.520296,0.000589,0.200000,0.000000,600.000000
0.100000,0.490000,0.524028,0.000614,0.200000,0.000000,600.000000
0.100000,0.500000,0.527603,0.000596,0.200000,0.000000,600.000000
0.200000,0.200000,0.000000,0.000000,0.200000,0.000000,600.000000
0.200000,0.210000,0.000000,0.000000,0.200000,0.000000,600.000000
0.200000,0.220000,0.000000,0.000000,0.200000,0.000000,600.000000
0.200000,0.230000,0.000000,0.000000,0.200000,0.000000,600.000000
0.200000,0.240000,0.374778,0.000306,0.200000,0.000000,600.000000
0.200000,0.250000,0.384424,0.000251,0.200000,0.000000,600.000000
0.200000,0.260000,0.393579,0.000343,0.200000,0.000000,600.000000
0.200000,0.270000,0.401848,0.000350,0.200000,0.000000,600.000000
0.200000,0.280000,0.409735,0.000386,0.200000,0.000000,600.000000
0.200000,0.290000,0.417399,0.000398,0.200000,0.000000,600.000000
0.200000,0.300000,0.425062,0.000362,0.200000,0.000000,600.000000
0.200000,0.310000,0.432223,0.000490,0.200000,0.000000,600.000000
0.200000,0.320000,0.438768,0.000458,0.200000,0.000000,600.000000
0.200000,0.330000,0.444791,0.000462,0.200000,0.000000,600.000000
0.200000,0.340000,0.450528,0.000440,0.200000,0.000000,600.000000
0.200000,0.350000,0.456199,0.000460,0.200000,0.000000,600.000000
0.200000,0.360000,0.461780,0.000408,0.200000,0.000000,600.000000
0.200000,0.370000,0.467595,0.000527,0.200000,0.000000,600.000000
0.200000,0.380000,0.473436,0.000421,0.200000,0.000000,600.000000
0.200000,0.390000,0.479272,0.000406,0.200000,0.000000,600.000000
0.200000,0.400000,0.484818,0.000475,0.200000,0.000000,600.000000
0.200000,0.410000,0.489675,0.000536,0.200000,0.000000,600.000000
0.200000,0.420000,0.494144,0.000558,0.200000,0.000000,600.000000
0.200000,0.430000,0.498297,0.000596,0.200000,0.000000,600.000000
0.200000,0.440000,0.502252,0.000612,0.200000,0.000000,600.000000
0.200000,0.450000,0.506116,0.000679,0.200000,0.000000,600.000000
0.200000,0.460000,0.509867,0.000751,0.200000,0.000000,600.000000
0.200000,0.470000,0.513476,0.000755,0.200000,0.000000,600.000000
0.200000,0.480000,0.517113,0.000473,0.200000,0.000000,600.000000
0.200000,0.490000,0.520623,0.000723,0.200000,0.000000,600.000000
0.200000,0.500000,0.523933,0.000816,0.200000,0.000000,600.000000
0.300000,0.200000,0.000000,0.000000,0.200000,0.000000,600.000000
0.300000,0.210000,0.000000,0.000000,0.200000,0.000000,600.000000
0.300000,0.220000,0.000000,0.000000,0.200000,0.000000,600.000000
0.300000,0.230000,0.000000,0.000000,0.200000,0.000000,600.000000
0.300000,0.240000,0.374697,0.000267,0.200000,0.000000,600.000000
0.300000,0.250000,0.384443,0.000418,0.200000,0.000000,600.000000
0.300000,0.260000,0.393054,0.000411,0.200000,0.000000,600.000000
0.300000,0.270000,0.401202,0.000365,0.200000,0.000000,600.000000
0.300000,0.280000,0.409128,0.000406,0.200000,0.000000,600.000000
0.300000,0.290000,0.417144,0.000407,0.200000,0.000000,600.000000
0.300000,0.300000,0.424984,0.000363,0.200000,0.000000,600.000000
0.300000,0.310000,0.432163,0.000462,0.200000,0.000000,600.000000
0.300000,0.320000,0.438461,0.000449,0.200000,0.000000,600.000000
0.300000,0.330000,0.444335,0.000461,0.200000,0.000000,600.000000
0.300000,0.340000,0.449918,0.000590,0.200000,0.000000,600.000000
0.300000,0.350000,0.455366,0.000588,0.200000,0.000000,600.000000
0.300000,0.360000,0.460744,0.000537,0.200000,0.000000,600.000000
0.300000,0.370000,0.466278,0.000506,0.200000,0.000000,600.000000
0.300000,0.380000,0.471849,0.000441,0.200000,0.000000,600.000000
0.300000,0.390000,0.477522,0.000391,0.200000,0.000000,600.000000
0.300000,0.400000,0.483353,0.000366,0.200000,0.000000,600.000000
0.300000,0.410000,0.489149,0.000497,0.200000,0.000000,600.000000
0.300000,0.420000,0.494485,0.000559,0.200000,0.000000,600.000000
0.300000,0.430000,0.498976,0.000566,0.200000,0.000000,600.000000
0.300000,0.440000,0.503052,0.000576,0.200000,0.000000,600.000000
0.300000,0.450000,0.507069,0.000579,0.200000,0.000000,600.000000
0.300000,0.460000,0.510771,0.000674,0.200000,0.000000,600.000000
0.300000,0.470000,0.514397,0.000695,0.200000,0.000000,600.000000
0.300000,0.480000,0.517985,0.000706,0.200000,0.000000,600.000000
0.300000,0.490000,0.521263,0.000692,0.200000,0.000000,600.000000
0.300000,0.500000,0.524601,0.000753,0.200000,0.000000,600.000000
0.400000,0.200000,0.000000,0.000000,0.200000,0.000000,600.000000
0.400000,0.210000,0.000000,0.000000,0.200000,0.000000,600.000000
0.400000,0.220000,0.000000,0.000000,0.200000,0.000000,600.000000
0.400000,0.230000,0.024248,0.093911,0.200000,0.000000,600.000000
0.400000,0.240000,0.374238,0.000345,0.200000,0.000000,600.000000
0.400000,0.250000,0.384155,0.000298,0.200000,0.000000,600.000000
0.400000,0.260000,0.393388,0.000362,0.200000,0.000000,600.000000
0.400000,0.270000,0.401560,0.000434,0.200000,0.000000,600.000000
0.400000,0.280000,0.409011,0.000389,0.200000,0.000000,600.000000
0.400000,0.290000,0.416147,0.000471,0.200000,0.000000,600.000000
0.400000,0.300000,0.423171,0.000361,0.200000,0.000000,600.000000
0.400000,0.310000,0.430345,0.000371,0.200000,0.000000,600.000000
0.400000,0.320000,0.437591,0.000383,0.200000,0.000000,600.000000
0.400000,0.330000,0.444857,0.000345,0.200000,0.000000,600.000000
0.400000,0.340000,0.451604,0.000433,0.200000,0.000000,600.000000
0.400000,0.350000,0.457326,0.000509,0.200000,0.000000,600.000000
0.400000,0.360000,0.462561,0.000583,0.200000,0.000000,600.000000
0.400000,0.370000,0.467442,0.000715,0.200000,0.000000,600.000000
0.400000,0.380000,0.472283,0.000639,0.200000,0.000000,600.000000
0.400000,0.390000,0.476773,0.000665,0.200000,0.000000,600.000000
0.400000,0.400000,0.481208,0.000585,0.200000,0.000000,600.000000
0.400000,0.410000,0.485524,0.000686,0.200000,0.000000,600.000000
0.400000,0.420000,0.489938,0.000593,0.200000,0.000000,600.000000
0.400000,0.430000,0.494061,0.000649,0.200000,0.000000,600.000000
0.400000,0.440000,0.498336,0.000547,0.200000,0.000000,600.000000
0.400000,0.450000,0.502630,0.000599,0.200000,0.000000,600.000000
0.400000,0.460000,0.507332,0.000482,0.200000,0.000000,600.000000
0.400000,0.470000,0.511938,0.000607,0.200000,0.000000,600.000000
0.400000,0.480000,0.516773,0.000559,0.200000,0.000000,600.000000
0.400000,0.490000,0.521691,0.000430,0.200000,0.000000,600.000000
0.400000,0.500000,0.526579,0.000409,0.200000,0.000000,600.000000
