beta,rep,w_c
0.240000,0,0.300000
0.240000,1,0.300000
0.250000,0,0.300000
0.250000,1,0.300000
0.260000,0,0.350000
0.260000,1,0.350000
0.270000,0,0.350000
0.270000,1,0.350000
0.280000,0,0.400000
0.280000,1,0.400000
0.290000,0,0.400000
0.290000,1,0.400000
0.300000,0,0.450000
0.300000,1,0.450000
0.310000,0,0.450000
0.310000,1,0.450000
0.320000,0,0.500000
0.320000,1,0.500000
0.330000,0,0.500000
0.330000,1,0.500000
0.340000,0,0.500000
0.340000,1,0.500000
0.350000,0,0.520000
0.350000,1,0.520000
0.360000,0,0.540000
0.360000,1,0.540000
0.370000,0,0.560000
0.370000,1,0.560000
0.380000,0,0.580000
0.380000,1,0.580000
0.390000,0,0.580000
0.390000,1,0.600000
0.400000,0,0.600000
0.400000,1,0.620000
