beta,mean_wc,std_wc,n
0.240000,0.300000,0.000000,2
0.250000,0.300000,0.000000,2
0.260000,0.350000,0.000000,2
0.270000,0.350000,0.000000,2
0.280000,0.400000,0.000000,2
0.290000,0.400000,0.000000,2
0.300000,0.450000,0.000000,2
0.310000,0.450000,0.000000,2
0.320000,0.500000,0.000000,2
0.330000,0.500000,0.000000,2
0.340000,0.500000,0.000000,2
0.350000,0.520000,0.000000,2
0.360000,0.540000,0.000000,2
0.370000,0.560000,0.000000,2
0.380000,0.580000,0.000000,2
0.390000,0.590000,0.014142,2
0.400000,0.610000,0.014142,2
