w_budget,mean_rho,std_rho,mean_fdel,std_fdel,mean_deleted
0.000000,0.559827,0.000875,0.000000,0.000000,0.000000
0.050000,0.552795,0.000767,0.050000,0.000000,150.000000
0.100000,0.543673,0.000682,0.100000,0.000000,300.000000
0.150000,0.533306,0.000662,0.150333,0.000000,451.000000
0.200000,0.521348,0.000565,0.200000,0.000000,600.000000
0.250000,0.508076,0.000484,0.250000,0.000000,750.000000
0.300000,0.492518,0.000512,0.300333,0.000000,901.000000
0.350000,0.475485,0.000616,0.350000,0.000000,1050.000000
0.400000,0.455589,0.000609,0.400000,0.000000,1200.000000
0.450000,0.433346,0.000611,0.450000,0.000000,1350.000000
0.500000,0.407822,0.000683,0.500000,0.000000,1500.000000
0.550000,0.377272,0.000530,0.550333,0.000000,1651.000000
0.600000,0.341866,0.001123,0.600000,0.000000,1800.000000
0.620000,0.326395,0.000959,0.620000,0.000000,1860.000000
0.640000,0.307573,0.001301,0.640000,0.000000,1920.000000
0.660000,0.288437,0.001557,0.660000,0.000000,1980.000000
0.680000,0.265606,0.002933,0.680333,0.000000,2041.000000
0.700000,0.114404,0.106248,0.700000,0.000000,2100.000000
0.720000,0.000000,0.000000,0.720333,0.000000,2161.000000
0.740000,0.000000,0.000000,0.740333,0.000000,2221.000000
0.760000,0.000000,0.000000,0.760333,0.000000,2281.000000
0.780000,0.000000,0.000000,0.780333,0.000000,2341.000000
0.800000,0.000000,0.000000,0.800000,0.000000,2400.000000
0.800000,0.000000,0.000000,0.800333,0.000000,2401.000000
0.810000,0.000000,0.000000,0.810000,0.000000,2430.000000
0.820000,0.000000,0.000000,0.820000,0.000000,2460.000000
0.830000,0.000000,0.000000,0.830000,0.000000,2490.000000
0.840000,0.000000,0.000000,0.840333,0.000000,2521.000000
0.850000,0.000000,0.000000,0.850333,0.000000,2551.000000
0.860000,0.000000,0.000000,0.860333,0.000000,2581.000000
0.870000,0.000000,0.000000,0.870333,0.000000,2611.000000
0.880000,0.000000,0.000000,0.880333,0.000000,2641.000000
0.890000,0.000000,0.000000,0.890333,0.000000,2671.000000
0.900000,0.000000,0.000000,0.900333,0.000000,2701.000000
0.910000,0.000000,0.000000,0.910333,0.000000,2731.000000
0.920000,0.000000,0.000000,0.920333,0.000000,2761.000000
0.930000,0.000000,0.000000,0.930333,0.000000,2791.000000
0.940000,0.000000,0.000000,0.940333,0.000000,2821.000000
0.950000,0.000000,0.000000,0.950333,0.000000,2851.000000
0.960000,0.000000,0.000000,0.960333,0.000000,2881.000000
0.970000,0.000000,0.000000,0.970333,0.000000,2911.000000
0.980000,0.000000,0.000000,0.980333,0.000000,2941.000000
0.990000,0.000000,0.000000,0.990333,0.000000,2971.000000
