deletion_type,theta_del,w_budget,run,rho_final,f_del,num_deleted,iters_pre,iters_post
top,-1.000000,0.000000,0,0.577848,0.000000,0,173,1
top,-1.000000,0.000000,1,0.578272,0.000000,0,167,1
top,-1.000000,0.000000,2,0.578154,0.000000,0,168,1
top,-1.000000,0.000000,3,0.577704,0.000000,0,190,1
top,-1.000000,0.000000,4,0.578247,0.000000,0,167,1
top,-1.000000,0.000000,5,0.577676,0.000000,0,167,1
top,-1.000000,0.000000,6,0.577888,0.000000,0,167,1
top,-1.000000,0.000000,7,0.579015,0.000000,0,167,1
top,-1.000000,0.000000,8,0.578588,0.000000,0,168,1
top,-1.000000,0.000000,9,0.578492,0.000000,0,167,1
top,-1.000000,0.000000,10,0.577941,0.000000,0,167,1
top,-1.000000,0.000000,11,0.578468,0.000000,0,168,1
top,-1.000000,0.000000,12,0.577894,0.000000,0,167,1
top,-1.000000,0.000000,13,0.578153,0.000000,0,167,1
top,-1.000000,0.000000,14,0.579419,0.000000,0,168,1
top,-1.000000,0.050000,0,0.570713,0.050000,225,171,142
top,-1.000000,0.050000,1,0.571156,0.050000,225,167,142
top,-1.000000,0.050000,2,0.571480,0.050000,225,206,147
top,-1.000000,0.050000,3,0.571289,0.050000,225,187,145
top,-1.000000,0.050000,4,0.571288,0.050000,225,167,142
top,-1.000000,0.050000,5,0.571721,0.050000,225,168,142
top,-1.000000,0.050000,6,0.571532,0.050000,225,168,142
top,-1.000000,0.050000,7,0.571165,0.050000,225,167,142
top,-1.000000,0.050000,8,0.571165,0.050000,225,167,142
top,-1.000000,0.050000,9,0.571626,0.050000,225,168,142
top,-1.000000,0.050000,10,0.570694,0.050000,225,167,141
top,-1.000000,0.050000,11,0.571662,0.050000,225,168,142
top,-1.000000,0.050000,12,0.570916,0.050000,225,167,142
top,-1.000000,0.050000,13,0.571621,0.050000,225,168,142
top,-1.000000,0.050000,14,0.571826,0.050000,225,168,143
top,-1.000000,0.100000,0,0.562850,0.100000,450,167,164
top,-1.000000,0.100000,1,0.562499,0.100000,450,167,163
top,-1.000000,0.100000,2,0.563348,0.100000,450,168,163
top,-1.000000,0.100000,3,0.562482,0.100000,450,180,163
top,-1.000000,0.100000,4,0.562997,0.100000,450,168,163
top,-1.000000,0.100000,5,0.563305,0.100000,450,168,164
top,-1.000000,0.100000,6,0.562217,0.100000,450,167,163
top,-1.000000,0.100000,7,0.562193,0.100000,450,193,162
top,-1.000000,0.100000,8,0.562813,0.100000,450,167,163
top,-1.000000,0.100000,9,0.561936,0.100000,450,167,162
top,-1.000000,0.100000,10,0.563089,0.100000,450,169,163
top,-1.000000,0.100000,11,0.562810,0.100000,450,229,179
top,-1.000000,0.100000,12,0.563025,0.100000,450,167,163
top,-1.000000,0.100000,13,0.563140,0.100000,450,167,163
top,-1.000000,0.100000,14,0.562951,0.100000,450,167,163
top,-1.000000,0.150000,0,0.552811,0.150222,676,167,185
top,-1.000000,0.150000,1,0.552950,0.150222,676,168,185
top,-1.000000,0.150000,2,0.552720,0.150222,676,167,185
top,-1.000000,0.150000,3,0.552497,0.150222,676,167,184
top,-1.000000,0.150000,4,0.553106,0.150222,676,168,185
top,-1.000000,0.150000,5,0.552933,0.150222,676,167,185
top,-1.000000,0.150000,6,0.552652,0.150222,676,167,184
top,-1.000000,0.150000,7,0.552844,0.150222,676,188,188
top,-1.000000,0.150000,8,0.552713,0.150222,676,167,185
top,-1.000000,0.150000,9,0.553058,0.150222,676,167,185
top,-1.000000,0.150000,10,0.552930,0.150222,676,168,184
top,-1.000000,0.150000,11,0.552849,0.150222,676,167,185
top,-1.000000,0.150000,12,0.552921,0.150222,676,168,185
top,-1.000000,0.150000,13,0.552844,0.150222,676,169,185
top,-1.000000,0.150000,14,0.552922,0.150222,676,167,185
top,-1.000000,0.200000,0,0.541857,0.200000,900,168,207
top,-1.000000,0.200000,1,0.541367,0.200000,900,167,197
top,-1.000000,0.200000,2,0.541705,0.200000,900,167,207
top,-1.000000,0.200000,3,0.542126,0.200000,900,168,207
top,-1.000000,0.200000,4,0.542334,0.200000,900,167,208
top,-1.000000,0.200000,5,0.541780,0.200000,900,168,207
top,-1.000000,0.200000,6,0.541773,0.200000,900,168,198
top,-1.000000,0.200000,7,0.541770,0.200000,900,169,207
top,-1.000000,0.200000,8,0.542028,0.200000,900,168,207
top,-1.000000,0.200000,9,0.541645,0.200000,900,168,207
top,-1.000000,0.200000,10,0.541518,0.200000,900,167,207
top,-1.000000,0.200000,11,0.541875,0.200000,900,168,207
top,-1.000000,0.200000,12,0.541885,0.200000,900,171,207
top,-1.000000,0.200000,13,0.541856,0.200000,900,168,207
top,-1.000000,0.200000,14,0.542304,0.200000,900,167,208
top,-1.000000,0.250000,0,0.529297,0.250000,1125,167,223
top,-1.000000,0.250000,1,0.529836,0.250000,1125,168,223
top,-1.000000,0.250000,2,0.529129,0.250000,1125,167,222
top,-1.000000,0.250000,3,0.529057,0.250000,1125,167,223
top,-1.000000,0.250000,4,0.529733,0.250000,1125,171,223
top,-1.000000,0.250000,5,0.529975,0.250000,1125,167,224
top,-1.000000,0.250000,6,0.529677,0.250000,1125,167,224
top,-1.000000,0.250000,7,0.529462,0.250000,1125,167,222
top,-1.000000,0.250000,8,0.529460,0.250000,1125,168,223
top,-1.000000,0.250000,9,0.529386,0.250000,1125,167,223
top,-1.000000,0.250000,10,0.529057,0.250000,1125,167,222
top,-1.000000,0.250000,11,0.529048,0.250000,1125,167,222
top,-1.000000,0.250000,12,0.529778,0.250000,1125,168,224
top,-1.000000,0.250000,13,0.529468,0.250000,1125,167,223
top,-1.000000,0.250000,14,0.529260,0.250000,1125,167,223
top,-1.000000,0.300000,0,0.515904,0.300222,1351,168,252
top,-1.000000,0.300000,1,0.516167,0.300222,1351,167,252
top,-1.000000,0.300000,2,0.515263,0.300222,1351,167,252
top,-1.000000,0.300000,3,0.515931,0.300222,1351,168,253
top,-1.000000,0.300000,4,0.515701,0.300222,1351,167,252
top,-1.000000,0.300000,5,0.515621,0.300222,1351,167,252
top,-1.000000,0.300000,6,0.515996,0.300222,1351,168,253
top,-1.000000,0.300000,7,0.515355,0.300222,1351,169,252
top,-1.000000,0.300000,8,0.515627,0.300222,1351,167,252
top,-1.000000,0.300000,9,0.515145,0.300222,1351,167,251
top,-1.000000,0.300000,10,0.515308,0.300222,1351,168,252
top,-1.000000,0.300000,11,0.514938,0.300222,1351,172,251
top,-1.000000,0.300000,12,0.515810,0.300222,1351,168,252
top,-1.000000,0.300000,13,0.515606,0.300222,1351,167,253
top,-1.000000,0.300000,14,0.515326,0.300222,1351,168,251
top,-1.000000,0.350000,0,0.499926,0.350222,1576,168,284
top,-1.000000,0.350000,1,0.499506,0.350222,1576,185,283
top,-1.000000,0.350000,2,0.499655,0.350222,1576,168,283
top,-1.000000,0.350000,3,0.499638,0.350222,1576,170,283
top,-1.000000,0.350000,4,0.500169,0.350222,1576,167,285
top,-1.000000,0.350000,5,0.500008,0.350222,1576,168,283
top,-1.000000,0.350000,6,0.500210,0.350222,1576,168,284
top,-1.000000,0.350000,7,0.499737,0.350222,1576,167,284
top,-1.000000,0.350000,8,0.499863,0.350222,1576,167,284
top,-1.000000,0.350000,9,0.499950,0.350222,1576,167,285
top,-1.000000,0.350000,10,0.499447,0.350222,1576,167,283
top,-1.000000,0.350000,11,0.499524,0.350222,1576,167,283
top,-1.000000,0.350000,12,0.499936,0.350222,1576,167,284
top,-1.000000,0.350000,13,0.499766,0.350222,1576,170,284
top,-1.000000,0.350000,14,0.499872,0.350222,1576,167,284
top,-1.000000,0.400000,0,0.482909,0.400000,1800,171,322
top,-1.000000,0.400000,1,0.482735,0.400000,1800,167,322
top,-1.000000,0.400000,2,0.482082,0.400000,1800,167,320
top,-1.000000,0.400000,3,0.482041,0.400000,1800,185,320
top,-1.000000,0.400000,4,0.482069,0.400000,1800,167,321
top,-1.000000,0.400000,5,0.482091,0.400000,1800,229,319
top,-1.000000,0.400000,6,0.482689,0.400000,1800,167,782
top,-1.000000,0.400000,7,0.482903,0.400000,1800,167,321
top,-1.000000,0.400000,8,0.483071,0.400000,1800,168,323
top,-1.000000,0.400000,9,0.482258,0.400000,1800,169,320
top,-1.000000,0.400000,10,0.482397,0.400000,1800,168,320
top,-1.000000,0.400000,11,0.482655,0.400000,1800,168,322
top,-1.000000,0.400000,12,0.482992,0.400000,1800,168,322
top,-1.000000,0.400000,13,0.482416,0.400000,1800,167,320
top,-1.000000,0.400000,14,0.481792,0.400000,1800,167,319
top,-1.000000,0.450000,0,0.463630,0.450000,2025,167,368
top,-1.000000,0.450000,1,0.463561,0.450000,2025,169,367
top,-1.000000,0.450000,2,0.463542,0.450000,2025,167,367
top,-1.000000,0.450000,3,0.463068,0.450000,2025,167,365
top,-1.000000,0.450000,4,0.463398,0.450000,2025,167,366
top,-1.000000,0.450000,5,0.463420,0.450000,2025,207,366
top,-1.000000,0.450000,6,0.463459,0.450000,2025,177,367
top,-1.000000,0.450000,7,0.463470,0.450000,2025,168,367
top,-1.000000,0.450000,8,0.463370,0.450000,2025,168,366
top,-1.000000,0.450000,9,0.463201,0.450000,2025,168,366
top,-1.000000,0.450000,10,0.463181,0.450000,2025,167,365
top,-1.000000,0.450000,11,0.463854,0.450000,2025,167,368
top,-1.000000,0.450000,12,0.463839,0.450000,2025,168,367
top,-1.000000,0.450000,13,0.463481,0.450000,2025,167,367
top,-1.000000,0.450000,14,0.463187,0.450000,2025,171,366
top,-1.000000,0.500000,0,0.441956,0.500000,2250,168,440
top,-1.000000,0.500000,1,0.441182,0.500000,2250,168,423
top,-1.000000,0.500000,2,0.441561,0.500000,2250,167,908
top,-1.000000,0.500000,3,0.441488,0.500000,2250,177,721
top,-1.000000,0.500000,4,0.441364,0.500000,2250,175,423
top,-1.000000,0.500000,5,0.440309,0.500000,2250,168,417
top,-1.000000,0.500000,6,0.440825,0.500000,2250,173,421
top,-1.000000,0.500000,7,0.440108,0.500000,2250,170,416
top,-1.000000,0.500000,8,0.441152,0.500000,2250,167,423
top,-1.000000,0.500000,9,0.441657,0.500000,2250,167,684
top,-1.000000,0.500000,10,0.441990,0.500000,2250,187,425
top,-1.000000,0.500000,11,0.441422,0.500000,2250,168,785
top,-1.000000,0.500000,12,0.441112,0.500000,2250,168,420
top,-1.000000,0.500000,13,0.441437,0.500000,2250,167,423
top,-1.000000,0.500000,14,0.441325,0.500000,2250,167,423
top,-1.000000,0.550000,0,0.416786,0.550000,2475,168,570
top,-1.000000,0.550000,1,0.415797,0.550000,2475,167,652
top,-1.000000,0.550000,2,0.416355,0.550000,2475,168,527
top,-1.000000,0.550000,3,0.415830,0.550000,2475,167,917
top,-1.000000,0.550000,4,0.416041,0.550000,2475,168,919
top,-1.000000,0.550000,5,0.417272,0.550000,2475,168,527
top,-1.000000,0.550000,6,0.416085,0.550000,2475,167,504
top,-1.000000,0.550000,7,0.417055,0.550000,2475,167,832
top,-1.000000,0.550000,8,0.415220,0.550000,2475,167,497
top,-1.000000,0.550000,9,0.417126,0.550000,2475,172,513
top,-1.000000,0.550000,10,0.416366,0.550000,2475,167,509
top,-1.000000,0.550000,11,0.415577,0.550000,2475,168,556
top,-1.000000,0.550000,12,0.416076,0.550000,2475,167,499
top,-1.000000,0.550000,13,0.417424,0.550000,2475,195,527
top,-1.000000,0.550000,14,0.416234,0.550000,2475,176,507
top,-1.000000,0.600000,0,0.387278,0.600000,2700,168,949
top,-1.000000,0.600000,1,0.388573,0.600000,2700,167,669
top,-1.000000,0.600000,2,0.388572,0.600000,2700,167,805
top,-1.000000,0.600000,3,0.387063,0.600000,2700,167,997
top,-1.000000,0.600000,4,0.388389,0.600000,2700,168,929
top,-1.000000,0.600000,5,0.387361,0.600000,2700,167,910
top,-1.000000,0.600000,6,0.387203,0.600000,2700,167,973
top,-1.000000,0.600000,7,0.387397,0.600000,2700,167,1000
top,-1.000000,0.600000,8,0.387980,0.600000,2700,169,1000
top,-1.000000,0.600000,9,0.387228,0.600000,2700,168,716
top,-1.000000,0.600000,10,0.386641,0.600000,2700,169,929
top,-1.000000,0.600000,11,0.386311,0.600000,2700,167,968
top,-1.000000,0.600000,12,0.387490,0.600000,2700,167,637
top,-1.000000,0.600000,13,0.386618,0.600000,2700,167,971
top,-1.000000,0.600000,14,0.388512,0.600000,2700,168,648
top,-1.000000,0.620000,0,0.373103,0.620000,2790,168,1000
top,-1.000000,0.620000,1,0.374713,0.620000,2790,173,960
top,-1.000000,0.620000,2,0.373657,0.620000,2790,168,1000
top,-1.000000,0.620000,3,0.375446,0.620000,2790,167,806
top,-1.000000,0.620000,4,0.373692,0.620000,2790,167,1000
top,-1.000000,0.620000,5,0.374530,0.620000,2790,168,1000
top,-1.000000,0.620000,6,0.374286,0.620000,2790,168,829
top,-1.000000,0.620000,7,0.374337,0.620000,2790,167,1000
top,-1.000000,0.620000,8,0.374928,0.620000,2790,168,1000
top,-1.000000,0.620000,9,0.373534,0.620000,2790,168,811
top,-1.000000,0.620000,10,0.374213,0.620000,2790,168,1000
top,-1.000000,0.620000,11,0.375349,0.620000,2790,169,1000
top,-1.000000,0.620000,12,0.375115,0.620000,2790,169,896
top,-1.000000,0.620000,13,0.374204,0.620000,2790,167,1000
top,-1.000000,0.620000,14,0.373962,0.620000,2790,168,692
top,-1.000000,0.640000,0,0.362111,0.640000,2880,167,972
top,-1.000000,0.640000,1,0.361020,0.640000,2880,175,1000
top,-1.000000,0.640000,2,0.360783,0.640000,2880,167,1000
top,-1.000000,0.640000,3,0.360767,0.640000,2880,221,851
top,-1.000000,0.640000,4,0.361251,0.640000,2880,167,1000
top,-1.000000,0.640000,5,0.361309,0.640000,2880,177,1000
top,-1.000000,0.640000,6,0.361165,0.640000,2880,168,1000
top,-1.000000,0.640000,7,0.362306,0.640000,2880,167,986
top,-1.000000,0.640000,8,0.361811,0.640000,2880,167,929
top,-1.000000,0.640000,9,0.362030,0.640000,2880,169,1000
top,-1.000000,0.640000,10,0.360916,0.640000,2880,167,1000
top,-1.000000,0.640000,11,0.360435,0.640000,2880,167,1000
top,-1.000000,0.640000,12,0.362255,0.640000,2880,167,1000
top,-1.000000,0.640000,13,0.360512,0.640000,2880,167,1000
top,-1.000000,0.640000,14,0.361528,0.640000,2880,167,1000
top,-1.000000,0.660000,0,0.344821,0.660000,2970,196,1000
top,-1.000000,0.660000,1,0.345391,0.660000,2970,169,1000
top,-1.000000,0.660000,2,0.346581,0.660000,2970,167,1000
top,-1.000000,0.660000,3,0.347164,0.660000,2970,167,1000
top,-1.000000,0.660000,4,0.346041,0.660000,2970,168,1000
top,-1.000000,0.660000,5,0.347908,0.660000,2970,167,1000
top,-1.000000,0.660000,6,0.345857,0.660000,2970,168,1000
top,-1.000000,0.660000,7,0.346656,0.660000,2970,168,1000
top,-1.000000,0.660000,8,0.346310,0.660000,2970,167,1000
top,-1.000000,0.660000,9,0.345361,0.660000,2970,168,1000
top,-1.000000,0.660000,10,0.346298,0.660000,2970,168,1000
top,-1.000000,0.660000,11,0.346784,0.660000,2970,167,1000
top,-1.000000,0.660000,12,0.346253,0.660000,2970,184,1000
top,-1.000000,0.660000,13,0.345156,0.660000,2970,167,1000
top,-1.000000,0.660000,14,0.345542,0.660000,2970,167,1000
top,-1.000000,0.680000,0,0.331323,0.680000,3060,168,1000
top,-1.000000,0.680000,1,0.330909,0.680000,3060,170,1000
top,-1.000000,0.680000,2,0.330644,0.680000,3060,167,1000
top,-1.000000,0.680000,3,0.329959,0.680000,3060,168,1000
top,-1.000000,0.680000,4,0.331979,0.680000,3060,171,1000
top,-1.000000,0.680000,5,0.329707,0.680000,3060,174,1000
top,-1.000000,0.680000,6,0.330943,0.680000,3060,167,1000
top,-1.000000,0.680000,7,0.330656,0.680000,3060,167,1000
top,-1.000000,0.680000,8,0.331903,0.680000,3060,167,1000
top,-1.000000,0.680000,9,0.330137,0.680000,3060,167,1000
top,-1.000000,0.680000,10,0.330909,0.680000,3060,167,1000
top,-1.000000,0.680000,11,0.331261,0.680000,3060,168,1000
top,-1.000000,0.680000,12,0.332444,0.680000,3060,167,1000
top,-1.000000,0.680000,13,0.331312,0.680000,3060,170,1000
top,-1.000000,0.680000,14,0.330773,0.680000,3060,168,1000
top,-1.000000,0.700000,0,0.313582,0.700222,3151,167,1000
top,-1.000000,0.700000,1,0.315066,0.700222,3151,167,1000
top,-1.000000,0.700000,2,0.314987,0.700222,3151,167,1000
top,-1.000000,0.700000,3,0.312711,0.700222,3151,168,1000
top,-1.000000,0.700000,4,0.313538,0.700222,3151,171,1000
top,-1.000000,0.700000,5,0.314144,0.700222,3151,167,1000
top,-1.000000,0.700000,6,0.314201,0.700222,3151,168,1000
top,-1.000000,0.700000,7,0.313972,0.700222,3151,184,1000
top,-1.000000,0.700000,8,0.314893,0.700222,3151,168,1000
top,-1.000000,0.700000,9,0.313031,0.700222,3151,167,1000
top,-1.000000,0.700000,10,0.314654,0.700222,3151,167,1000
top,-1.000000,0.700000,11,0.313136,0.700222,3151,168,1000
top,-1.000000,0.700000,12,0.313429,0.700222,3151,169,1000
top,-1.000000,0.700000,13,0.313293,0.700222,3151,172,1000
top,-1.000000,0.700000,14,0.313233,0.700222,3151,172,1000
top,-1.000000,0.720000,0,0.000000,0.720222,3241,167,747
top,-1.000000,0.720000,1,0.000000,0.720222,3241,174,748
top,-1.000000,0.720000,2,0.000000,0.720222,3241,168,744
top,-1.000000,0.720000,3,0.000000,0.720222,3241,167,773
top,-1.000000,0.720000,4,0.000000,0.720222,3241,172,744
top,-1.000000,0.720000,5,0.000000,0.720222,3241,168,750
top,-1.000000,0.720000,6,0.000000,0.720222,3241,168,745
top,-1.000000,0.720000,7,0.000000,0.720222,3241,167,747
top,-1.000000,0.720000,8,0.000000,0.720222,3241,195,764
top,-1.000000,0.720000,9,0.293692,0.720222,3241,168,1000
top,-1.000000,0.720000,10,0.000000,0.720222,3241,167,742
top,-1.000000,0.720000,11,0.000000,0.720222,3241,167,769
top,-1.000000,0.720000,12,0.000000,0.720222,3241,168,746
top,-1.000000,0.720000,13,0.000000,0.720222,3241,167,747
top,-1.000000,0.720000,14,0.000000,0.720222,3241,167,765
top,-1.000000,0.740000,0,0.000000,0.740222,3331,175,738
top,-1.000000,0.740000,1,0.000000,0.740222,3331,167,733
top,-1.000000,0.740000,2,0.000000,0.740222,3331,167,734
top,-1.000000,0.740000,3,0.000000,0.740222,3331,167,744
top,-1.000000,0.740000,4,0.000000,0.740222,3331,169,734
top,-1.000000,0.740000,5,0.000000,0.740222,3331,167,733
top,-1.000000,0.740000,6,0.000000,0.740222,3331,171,734
top,-1.000000,0.740000,7,0.000000,0.740222,3331,168,733
top,-1.000000,0.740000,8,0.000000,0.740222,3331,172,734
top,-1.000000,0.740000,9,0.000000,0.740222,3331,185,741
top,-1.000000,0.740000,10,0.000000,0.740222,3331,167,734
top,-1.000000,0.740000,11,0.000000,0.740222,3331,167,732
top,-1.000000,0.740000,12,0.000000,0.740222,3331,168,733
top,-1.000000,0.740000,13,0.000000,0.740222,3331,176,737
top,-1.000000,0.740000,14,0.000000,0.740222,3331,167,730
top,-1.000000,0.760000,0,0.000000,0.760222,3421,167,731
top,-1.000000,0.760000,1,0.000000,0.760222,3421,167,731
top,-1.000000,0.760000,2,0.000000,0.760222,3421,168,732
top,-1.000000,0.760000,3,0.000000,0.760222,3421,168,729
top,-1.000000,0.760000,4,0.000000,0.760222,3421,168,731
top,-1.000000,0.760000,5,0.000000,0.760222,3421,168,730
top,-1.000000,0.760000,6,0.000000,0.760222,3421,167,733
top,-1.000000,0.760000,7,0.000000,0.760222,3421,168,734
top,-1.000000,0.760000,8,0.000000,0.760222,3421,167,732
top,-1.000000,0.760000,9,0.000000,0.760222,3421,167,734
top,-1.000000,0.760000,10,0.000000,0.760222,3421,167,732
top,-1.000000,0.760000,11,0.000000,0.760222,3421,169,731
top,-1.000000,0.760000,12,0.000000,0.760222,3421,167,732
top,-1.000000,0.760000,13,0.000000,0.760222,3421,168,732
top,-1.000000,0.760000,14,0.000000,0.760222,3421,168,730
top,-1.000000,0.780000,0,0.000000,0.780222,3511,168,729
top,-1.000000,0.780000,1,0.000000,0.780222,3511,180,729
top,-1.000000,0.780000,2,0.000000,0.780222,3511,186,728
top,-1.000000,0.780000,3,0.000000,0.780222,3511,168,729
top,-1.000000,0.780000,4,0.000000,0.780222,3511,167,727
top,-1.000000,0.780000,5,0.000000,0.780222,3511,167,727
top,-1.000000,0.780000,6,0.000000,0.780222,3511,168,727
top,-1.000000,0.780000,7,0.000000,0.780222,3511,168,728
top,-1.000000,0.780000,8,0.000000,0.780222,3511,170,727
top,-1.000000,0.780000,9,0.000000,0.780222,3511,168,729
top,-1.000000,0.780000,10,0.000000,0.780222,3511,167,726
top,-1.000000,0.780000,11,0.000000,0.780222,3511,168,727
top,-1.000000,0.780000,12,0.000000,0.780222,3511,170,732
top,-1.000000,0.780000,13,0.000000,0.780222,3511,175,728
top,-1.000000,0.780000,14,0.000000,0.780222,3511,168,729
top,-1.000000,0.800000,0,0.000000,0.800222,3601,167,726
top,-1.000000,0.800000,1,0.000000,0.800222,3601,168,726
top,-1.000000,0.800000,2,0.000000,0.800222,3601,169,727
top,-1.000000,0.800000,3,0.000000,0.800222,3601,168,727
top,-1.000000,0.800000,4,0.000000,0.800222,3601,168,726
top,-1.000000,0.800000,5,0.000000,0.800222,3601,167,728
top,-1.000000,0.800000,6,0.000000,0.800222,3601,197,726
top,-1.000000,0.800000,7,0.000000,0.800222,3601,167,725
top,-1.000000,0.800000,8,0.000000,0.800222,3601,167,726
top,-1.000000,0.800000,9,0.000000,0.800222,3601,167,725
top,-1.000000,0.800000,10,0.000000,0.800222,3601,167,724
top,-1.000000,0.800000,11,0.000000,0.800222,3601,168,725
top,-1.000000,0.800000,12,0.000000,0.800222,3601,168,725
top,-1.000000,0.800000,13,0.000000,0.800222,3601,168,724
top,-1.000000,0.800000,14,0.000000,0.800222,3601,171,727
top,-1.000000,0.800000,0,0.000000,0.800000,3600,169,725
top,-1.000000,0.800000,1,0.000000,0.800000,3600,167,726
top,-1.000000,0.800000,2,0.000000,0.800000,3600,168,725
top,-1.000000,0.800000,3,0.000000,0.800000,3600,168,726
top,-1.000000,0.800000,4,0.000000,0.800000,3600,168,726
top,-1.000000,0.800000,5,0.000000,0.800000,3600,167,727
top,-1.000000,0.800000,6,0.000000,0.800000,3600,167,725
top,-1.000000,0.800000,7,0.000000,0.800000,3600,168,726
top,-1.000000,0.800000,8,0.000000,0.800000,3600,167,724
top,-1.000000,0.800000,9,0.000000,0.800000,3600,168,726
top,-1.000000,0.800000,10,0.000000,0.800000,3600,168,725
top,-1.000000,0.800000,11,0.000000,0.800000,3600,167,726
top,-1.000000,0.800000,12,0.000000,0.800000,3600,167,725
top,-1.000000,0.800000,13,0.000000,0.800000,3600,167,725
top,-1.000000,0.800000,14,0.000000,0.800000,3600,167,727
top,-1.000000,0.810000,0,0.000000,0.810222,3646,168,726
top,-1.000000,0.810000,1,0.000000,0.810222,3646,172,726
top,-1.000000,0.810000,2,0.000000,0.810222,3646,168,726
top,-1.000000,0.810000,3,0.000000,0.810222,3646,175,724
top,-1.000000,0.810000,4,0.000000,0.810222,3646,183,726
top,-1.000000,0.810000,5,0.000000,0.810222,3646,167,725
top,-1.000000,0.810000,6,0.000000,0.810222,3646,167,725
top,-1.000000,0.810000,7,0.000000,0.810222,3646,168,724
top,-1.000000,0.810000,8,0.000000,0.810222,3646,167,724
top,-1.000000,0.810000,9,0.000000,0.810222,3646,168,725
top,-1.000000,0.810000,10,0.000000,0.810222,3646,170,726
top,-1.000000,0.810000,11,0.000000,0.810222,3646,189,724
top,-1.000000,0.810000,12,0.000000,0.810222,3646,168,724
top,-1.000000,0.810000,13,0.000000,0.810222,3646,168,725
top,-1.000000,0.810000,14,0.000000,0.810222,3646,167,725
top,-1.000000,0.820000,0,0.000000,0.820222,3691,168,725
top,-1.000000,0.820000,1,0.000000,0.820222,3691,167,725
top,-1.000000,0.820000,2,0.000000,0.820222,3691,174,726
top,-1.000000,0.820000,3,0.000000,0.820222,3691,167,725
top,-1.000000,0.820000,4,0.000000,0.820222,3691,167,723
top,-1.000000,0.820000,5,0.000000,0.820222,3691,168,725
top,-1.000000,0.820000,6,0.000000,0.820222,3691,175,724
top,-1.000000,0.820000,7,0.000000,0.820222,3691,175,724
top,-1.000000,0.820000,8,0.000000,0.820222,3691,179,726
top,-1.000000,0.820000,9,0.000000,0.820222,3691,168,723
top,-1.000000,0.820000,10,0.000000,0.820222,3691,167,726
top,-1.000000,0.820000,11,0.000000,0.820222,3691,168,724
top,-1.000000,0.820000,12,0.000000,0.820222,3691,167,723
top,-1.000000,0.820000,13,0.000000,0.820222,3691,168,724
top,-1.000000,0.820000,14,0.000000,0.820222,3691,168,727
top,-1.000000,0.830000,0,0.000000,0.830222,3736,167,724
top,-1.000000,0.830000,1,0.000000,0.830222,3736,167,723
top,-1.000000,0.830000,2,0.000000,0.830222,3736,168,723
top,-1.000000,0.830000,3,0.000000,0.830222,3736,167,723
top,-1.000000,0.830000,4,0.000000,0.830222,3736,178,723
top,-1.000000,0.830000,5,0.000000,0.830222,3736,182,725
top,-1.000000,0.830000,6,0.000000,0.830222,3736,168,722
top,-1.000000,0.830000,7,0.000000,0.830222,3736,168,724
top,-1.000000,0.830000,8,0.000000,0.830222,3736,167,723
top,-1.000000,0.830000,9,0.000000,0.830222,3736,176,724
top,-1.000000,0.830000,10,0.000000,0.830222,3736,168,724
top,-1.000000,0.830000,11,0.000000,0.830222,3736,168,724
top,-1.000000,0.830000,12,0.000000,0.830222,3736,167,723
top,-1.000000,0.830000,13,0.000000,0.830222,3736,167,725
top,-1.000000,0.830000,14,0.000000,0.830222,3736,187,725
top,-1.000000,0.840000,0,0.000000,0.840222,3781,170,723
top,-1.000000,0.840000,1,0.000000,0.840222,3781,167,723
top,-1.000000,0.840000,2,0.000000,0.840222,3781,167,722
top,-1.000000,0.840000,3,0.000000,0.840222,3781,167,724
top,-1.000000,0.840000,4,0.000000,0.840222,3781,167,723
top,-1.000000,0.840000,5,0.000000,0.840222,3781,167,724
top,-1.000000,0.840000,6,0.000000,0.840222,3781,167,721
top,-1.000000,0.840000,7,0.000000,0.840222,3781,187,723
top,-1.000000,0.840000,8,0.000000,0.840222,3781,174,722
top,-1.000000,0.840000,9,0.000000,0.840222,3781,192,723
top,-1.000000,0.840000,10,0.000000,0.840222,3781,168,723
top,-1.000000,0.840000,11,0.000000,0.840222,3781,167,725
top,-1.000000,0.840000,12,0.000000,0.840222,3781,168,724
top,-1.000000,0.840000,13,0.000000,0.840222,3781,168,722
top,-1.000000,0.840000,14,0.000000,0.840222,3781,167,722
top,-1.000000,0.850000,0,0.000000,0.850222,3826,168,722
top,-1.000000,0.850000,1,0.000000,0.850222,3826,203,723
top,-1.000000,0.850000,2,0.000000,0.850222,3826,168,721
top,-1.000000,0.850000,3,0.000000,0.850222,3826,168,721
top,-1.000000,0.850000,4,0.000000,0.850222,3826,172,722
top,-1.000000,0.850000,5,0.000000,0.850222,3826,167,722
top,-1.000000,0.850000,6,0.000000,0.850222,3826,168,723
top,-1.000000,0.850000,7,0.000000,0.850222,3826,175,724
top,-1.000000,0.850000,8,0.000000,0.850222,3826,168,722
top,-1.000000,0.850000,9,0.000000,0.850222,3826,173,723
top,-1.000000,0.850000,10,0.000000,0.850222,3826,170,724
top,-1.000000,0.850000,11,0.000000,0.850222,3826,194,722
top,-1.000000,0.850000,12,0.000000,0.850222,3826,172,721
top,-1.000000,0.850000,13,0.000000,0.850222,3826,168,722
top,-1.000000,0.850000,14,0.000000,0.850222,3826,167,722
top,-1.000000,0.860000,0,0.000000,0.860222,3871,167,723
top,-1.000000,0.860000,1,0.000000,0.860222,3871,167,723
top,-1.000000,0.860000,2,0.000000,0.860222,3871,167,722
top,-1.000000,0.860000,3,0.000000,0.860222,3871,168,722
top,-1.000000,0.860000,4,0.000000,0.860222,3871,167,722
top,-1.000000,0.860000,5,0.000000,0.860222,3871,168,722
top,-1.000000,0.860000,6,0.000000,0.860222,3871,167,721
top,-1.000000,0.860000,7,0.000000,0.860222,3871,168,724
top,-1.000000,0.860000,8,0.000000,0.860222,3871,167,721
top,-1.000000,0.860000,9,0.000000,0.860222,3871,170,721
top,-1.000000,0.860000,10,0.000000,0.860222,3871,166,721
top,-1.000000,0.860000,11,0.000000,0.860222,3871,167,723
top,-1.000000,0.860000,12,0.000000,0.860222,3871,168,722
top,-1.000000,0.860000,13,0.000000,0.860222,3871,169,722
top,-1.000000,0.860000,14,0.000000,0.860222,3871,167,721
top,-1.000000,0.870000,0,0.000000,0.870222,3916,168,721
top,-1.000000,0.870000,1,0.000000,0.870222,3916,167,720
top,-1.000000,0.870000,2,0.000000,0.870222,3916,166,721
top,-1.000000,0.870000,3,0.000000,0.870222,3916,190,722
top,-1.000000,0.870000,4,0.000000,0.870222,3916,168,722
top,-1.000000,0.870000,5,0.000000,0.870222,3916,167,721
top,-1.000000,0.870000,6,0.000000,0.870222,3916,168,722
top,-1.000000,0.870000,7,0.000000,0.870222,3916,167,722
top,-1.000000,0.870000,8,0.000000,0.870222,3916,168,722
top,-1.000000,0.870000,9,0.000000,0.870222,3916,167,721
top,-1.000000,0.870000,10,0.000000,0.870222,3916,171,722
top,-1.000000,0.870000,11,0.000000,0.870222,3916,167,722
top,-1.000000,0.870000,12,0.000000,0.870222,3916,167,721
top,-1.000000,0.870000,13,0.000000,0.870222,3916,167,721
top,-1.000000,0.870000,14,0.000000,0.870222,3916,167,722
top,-1.000000,0.880000,0,0.000000,0.880222,3961,167,721
top,-1.000000,0.880000,1,0.000000,0.880222,3961,167,720
top,-1.000000,0.880000,2,0.000000,0.880222,3961,168,721
top,-1.000000,0.880000,3,0.000000,0.880222,3961,167,722
top,-1.000000,0.880000,4,0.000000,0.880222,3961,168,721
top,-1.000000,0.880000,5,0.000000,0.880222,3961,167,721
top,-1.000000,0.880000,6,0.000000,0.880222,3961,168,720
top,-1.000000,0.880000,7,0.000000,0.880222,3961,167,721
top,-1.000000,0.880000,8,0.000000,0.880222,3961,171,722
top,-1.000000,0.880000,9,0.000000,0.880222,3961,168,721
top,-1.000000,0.880000,10,0.000000,0.880222,3961,167,721
top,-1.000000,0.880000,11,0.000000,0.880222,3961,185,720
top,-1.000000,0.880000,12,0.000000,0.880222,3961,168,720
top,-1.000000,0.880000,13,0.000000,0.880222,3961,168,720
top,-1.000000,0.880000,14,0.000000,0.880222,3961,168,721
top,-1.000000,0.890000,0,0.000000,0.890222,4006,185,719
top,-1.000000,0.890000,1,0.000000,0.890222,4006,168,720
top,-1.000000,0.890000,2,0.000000,0.890222,4006,168,720
top,-1.000000,0.890000,3,0.000000,0.890222,4006,251,720
top,-1.000000,0.890000,4,0.000000,0.890222,4006,169,720
top,-1.000000,0.890000,5,0.000000,0.890222,4006,167,721
top,-1.000000,0.890000,6,0.000000,0.890222,4006,168,722
top,-1.000000,0.890000,7,0.000000,0.890222,4006,168,720
top,-1.000000,0.890000,8,0.000000,0.890222,4006,168,720
top,-1.000000,0.890000,9,0.000000,0.890222,4006,168,720
top,-1.000000,0.890000,10,0.000000,0.890222,4006,167,720
top,-1.000000,0.890000,11,0.000000,0.890222,4006,167,721
top,-1.000000,0.890000,12,0.000000,0.890222,4006,167,721
top,-1.000000,0.890000,13,0.000000,0.890222,4006,168,720
top,-1.000000,0.890000,14,0.000000,0.890222,4006,168,721
top,-1.000000,0.900000,0,0.000000,0.900222,4051,168,720
top,-1.000000,0.900000,1,0.000000,0.900222,4051,167,719
top,-1.000000,0.900000,2,0.000000,0.900222,4051,169,721
top,-1.000000,0.900000,3,0.000000,0.900222,4051,169,720
top,-1.000000,0.900000,4,0.000000,0.900222,4051,178,720
top,-1.000000,0.900000,5,0.000000,0.900222,4051,168,720
top,-1.000000,0.900000,6,0.000000,0.900222,4051,167,720
top,-1.000000,0.900000,7,0.000000,0.900222,4051,167,719
top,-1.000000,0.900000,8,0.000000,0.900222,4051,168,720
top,-1.000000,0.900000,9,0.000000,0.900222,4051,167,719
top,-1.000000,0.900000,10,0.000000,0.900222,4051,168,719
top,-1.000000,0.900000,11,0.000000,0.900222,4051,167,719
top,-1.000000,0.900000,12,0.000000,0.900222,4051,168,720
top,-1.000000,0.900000,13,0.000000,0.900222,4051,167,719
top,-1.000000,0.900000,14,0.000000,0.900222,4051,181,720
top,-1.000000,0.910000,0,0.000000,0.910222,4096,196,721
top,-1.000000,0.910000,1,0.000000,0.910222,4096,169,719
top,-1.000000,0.910000,2,0.000000,0.910222,4096,167,719
top,-1.000000,0.910000,3,0.000000,0.910222,4096,168,720
top,-1.000000,0.910000,4,0.000000,0.910222,4096,167,719
top,-1.000000,0.910000,5,0.000000,0.910222,4096,229,719
top,-1.000000,0.910000,6,0.000000,0.910222,4096,167,721
top,-1.000000,0.910000,7,0.000000,0.910222,4096,167,719
top,-1.000000,0.910000,8,0.000000,0.910222,4096,179,719
top,-1.000000,0.910000,9,0.000000,0.910222,4096,167,719
top,-1.000000,0.910000,10,0.000000,0.910222,4096,170,720
top,-1.000000,0.910000,11,0.000000,0.910222,4096,168,720
top,-1.000000,0.910000,12,0.000000,0.910222,4096,167,719
top,-1.000000,0.910000,13,0.000000,0.910222,4096,167,719
top,-1.000000,0.910000,14,0.000000,0.910222,4096,168,719
top,-1.000000,0.920000,0,0.000000,0.920222,4141,168,719
top,-1.000000,0.920000,1,0.000000,0.920222,4141,167,719
top,-1.000000,0.920000,2,0.000000,0.920222,4141,168,719
top,-1.000000,0.920000,3,0.000000,0.920222,4141,167,719
top,-1.000000,0.920000,4,0.000000,0.920222,4141,167,720
top,-1.000000,0.920000,5,0.000000,0.920222,4141,167,719
top,-1.000000,0.920000,6,0.000000,0.920222,4141,167,719
top,-1.000000,0.920000,7,0.000000,0.920222,4141,167,720
top,-1.000000,0.920000,8,0.000000,0.920222,4141,172,719
top,-1.000000,0.920000,9,0.000000,0.920222,4141,168,719
top,-1.000000,0.920000,10,0.000000,0.920222,4141,167,718
top,-1.000000,0.920000,11,0.000000,0.920222,4141,167,719
top,-1.000000,0.920000,12,0.000000,0.920222,4141,168,719
top,-1.000000,0.920000,13,0.000000,0.920222,4141,168,719
top,-1.000000,0.920000,14,0.000000,0.920222,4141,167,718
top,-1.000000,0.930000,0,0.000000,0.930222,4186,167,718
top,-1.000000,0.930000,1,0.000000,0.930222,4186,173,718
top,-1.000000,0.930000,2,0.000000,0.930222,4186,167,719
top,-1.000000,0.930000,3,0.000000,0.930222,4186,167,718
top,-1.000000,0.930000,4,0.000000,0.930222,4186,169,718
top,-1.000000,0.930000,5,0.000000,0.930222,4186,167,718
top,-1.000000,0.930000,6,0.000000,0.930222,4186,168,719
top,-1.000000,0.930000,7,0.000000,0.930222,4186,184,719
top,-1.000000,0.930000,8,0.000000,0.930222,4186,167,719
top,-1.000000,0.930000,9,0.000000,0.930222,4186,169,719
top,-1.000000,0.930000,10,0.000000,0.930222,4186,167,718
top,-1.000000,0.930000,11,0.000000,0.930222,4186,168,719
top,-1.000000,0.930000,12,0.000000,0.930222,4186,167,719
top,-1.000000,0.930000,13,0.000000,0.930222,4186,168,718
top,-1.000000,0.930000,14,0.000000,0.930222,4186,167,718
top,-1.000000,0.940000,0,0.000000,0.940222,4231,167,718
top,-1.000000,0.940000,1,0.000000,0.940222,4231,177,718
top,-1.000000,0.940000,2,0.000000,0.940222,4231,167,718
top,-1.000000,0.940000,3,0.000000,0.940222,4231,168,718
top,-1.000000,0.940000,4,0.000000,0.940222,4231,167,719
top,-1.000000,0.940000,5,0.000000,0.940222,4231,187,718
top,-1.000000,0.940000,6,0.000000,0.940222,4231,167,718
top,-1.000000,0.940000,7,0.000000,0.940222,4231,167,718
top,-1.000000,0.940000,8,0.000000,0.940222,4231,167,718
top,-1.000000,0.940000,9,0.000000,0.940222,4231,175,718
top,-1.000000,0.940000,10,0.000000,0.940222,4231,167,718
top,-1.000000,0.940000,11,0.000000,0.940222,4231,167,718
top,-1.000000,0.940000,12,0.000000,0.940222,4231,167,718
top,-1.000000,0.940000,13,0.000000,0.940222,4231,195,717
top,-1.000000,0.940000,14,0.000000,0.940222,4231,168,718
top,-1.000000,0.950000,0,0.000000,0.950222,4276,172,717
top,-1.000000,0.950000,1,0.000000,0.950222,4276,169,717
top,-1.000000,0.950000,2,0.000000,0.950222,4276,168,717
top,-1.000000,0.950000,3,0.000000,0.950222,4276,174,718
top,-1.000000,0.950000,4,0.000000,0.950222,4276,168,718
top,-1.000000,0.950000,5,0.000000,0.950222,4276,177,718
top,-1.000000,0.950000,6,0.000000,0.950222,4276,167,718
top,-1.000000,0.950000,7,0.000000,0.950222,4276,168,717
top,-1.000000,0.950000,8,0.000000,0.950222,4276,167,718
top,-1.000000,0.950000,9,0.000000,0.950222,4276,170,717
top,-1.000000,0.950000,10,0.000000,0.950222,4276,169,717
top,-1.000000,0.950000,11,0.000000,0.950222,4276,168,718
top,-1.000000,0.950000,12,0.000000,0.950222,4276,168,718
top,-1.000000,0.950000,13,0.000000,0.950222,4276,172,718
top,-1.000000,0.950000,14,0.000000,0.950222,4276,169,717
top,-1.000000,0.960000,0,0.000000,0.960222,4321,167,717
top,-1.000000,0.960000,1,0.000000,0.960222,4321,171,717
top,-1.000000,0.960000,2,0.000000,0.960222,4321,167,717
top,-1.000000,0.960000,3,0.000000,0.960222,4321,168,717
top,-1.000000,0.960000,4,0.000000,0.960222,4321,167,718
top,-1.000000,0.960000,5,0.000000,0.960222,4321,168,717
top,-1.000000,0.960000,6,0.000000,0.960222,4321,167,717
top,-1.000000,0.960000,7,0.000000,0.960222,4321,168,717
top,-1.000000,0.960000,8,0.000000,0.960222,4321,168,717
top,-1.000000,0.960000,9,0.000000,0.960222,4321,167,718
top,-1.000000,0.960000,10,0.000000,0.960222,4321,208,717
top,-1.000000,0.960000,11,0.000000,0.960222,4321,169,717
top,-1.000000,0.960000,12,0.000000,0.960222,4321,168,718
top,-1.000000,0.960000,13,0.000000,0.960222,4321,167,717
top,-1.000000,0.960000,14,0.000000,0.960222,4321,167,717
top,-1.000000,0.970000,0,0.000000,0.970222,4366,175,717
top,-1.000000,0.970000,1,0.000000,0.970222,4366,175,716
top,-1.000000,0.970000,2,0.000000,0.970222,4366,168,716
top,-1.000000,0.970000,3,0.000000,0.970222,4366,167,716
top,-1.000000,0.970000,4,0.000000,0.970222,4366,171,717
top,-1.000000,0.970000,5,0.000000,0.970222,4366,169,716
top,-1.000000,0.970000,6,0.000000,0.970222,4366,168,716
top,-1.000000,0.970000,7,0.000000,0.970222,4366,169,717
top,-1.000000,0.970000,8,0.000000,0.970222,4366,167,716
top,-1.000000,0.970000,9,0.000000,0.970222,4366,168,717
top,-1.000000,0.970000,10,0.000000,0.970222,4366,167,716
top,-1.000000,0.970000,11,0.000000,0.970222,4366,167,717
top,-1.000000,0.970000,12,0.000000,0.970222,4366,167,716
top,-1.000000,0.970000,13,0.000000,0.970222,4366,167,716
top,-1.000000,0.970000,14,0.000000,0.970222,4366,167,717
top,-1.000000,0.980000,0,0.000000,0.980222,4411,167,715
top,-1.000000,0.980000,1,0.000000,0.980222,4411,167,715
top,-1.000000,0.980000,2,0.000000,0.980222,4411,168,716
top,-1.000000,0.980000,3,0.000000,0.980222,4411,168,716
top,-1.000000,0.980000,4,0.000000,0.980222,4411,167,715
top,-1.000000,0.980000,5,0.000000,0.980222,4411,167,715
top,-1.000000,0.980000,6,0.000000,0.980222,4411,168,716
top,-1.000000,0.980000,7,0.000000,0.980222,4411,167,716
top,-1.000000,0.980000,8,0.000000,0.980222,4411,168,715
top,-1.000000,0.980000,9,0.000000,0.980222,4411,167,716
top,-1.000000,0.980000,10,0.000000,0.980222,4411,167,715
top,-1.000000,0.980000,11,0.000000,0.980222,4411,167,716
top,-1.000000,0.980000,12,0.000000,0.980222,4411,167,715
top,-1.000000,0.980000,13,0.000000,0.980222,4411,184,716
top,-1.000000,0.980000,14,0.000000,0.980222,4411,167,715
top,-1.000000,0.990000,0,0.000000,0.990222,4456,168,715
top,-1.000000,0.990000,1,0.000000,0.990222,4456,167,715
top,-1.000000,0.990000,2,0.000000,0.990222,4456,168,714
top,-1.000000,0.990000,3,0.000000,0.990222,4456,167,714
top,-1.000000,0.990000,4,0.000000,0.990222,4456,167,715
top,-1.000000,0.990000,5,0.000000,0.990222,4456,168,714
top,-1.000000,0.990000,6,0.000000,0.990222,4456,167,714
top,-1.000000,0.990000,7,0.000000,0.990222,4456,179,715
top,-1.000000,0.990000,8,0.000000,0.990222,4456,168,716
top,-1.000000,0.990000,9,0.000000,0.990222,4456,168,715
top,-1.000000,0.990000,10,0.000000,0.990222,4456,168,715
top,-1.000000,0.990000,11,0.000000,0.990222,4456,167,715
top,-1.000000,0.990000,12,0.000000,0.990222,4456,167,714
top,-1.000000,0.990000,13,0.000000,0.990222,4456,168,715
top,-1.000000,0.990000,14,0.000000,0.990222,4456,168,715
